id,name,team,pos,matchup,age,ssn-gms,pass-2pt,pass-att,pass-cmp,pass-1d,pass-int,pass-sck,pass-td,pass-yds,pass-y/att,rush-2pt,rush-2pt,rush-car,rush-1d,rush-td,rush-yds,rec-1d,rec-rec,rec-td,rec-yds,kr-td,kr-yds,pr-td,pr-yds,kck-xpa,kck-xpc,kck-xpm,kck-fga,kck-fgc,kck-fgm,tmd-2pr,tmd-blk,tmd-fmf,tmd-fmr,tmd-int,tmd-pa,tmd-sck,tmd-saf,tmd-td,tmd-ya,ppg
JeffJu00,Justin Jefferson,MIN,wr,@ 10:11 PM EDT,24,12.0,,2.0,1.3,0.7,,,,26.7,13.3,,,3.5,1.2,0.3,22.3,61.6,91.8,7.3,1320.0,,,,,,,,,,,,,,,,,,,,,22.73
HurtJa00,Jalen Hurts,PHI,qb,@ 10:11 PM EDT,25,11.7,,363.2,247.5,134.8,7.7,16.0,17.6,2909.7,8.0,,,113.1,30.2,7.5,563.0,,,,,,,,,,,,,,,,,,,,,,,,,23.18
AlleJo01,Josh Allen,BUF,qb,@ 10:11 PM EDT,27,11.7,,416.3,282.9,157.4,10.5,15.3,26.0,3189.0,7.7,,,55.8,17.7,4.2,334.3,,,,,,,,,,,,,,,,,,,,,,,,,22.84
McCaCh00,Christian McCaffrey,SF,rb,@ 10:11 PM EDT,27,11.3,,1.3,0.7,0.4,,,,13.3,10.0,,,201.8,51.5,10.4,1024.0,22.3,44.9,2.7,377.0,,,,,,,,,,,,,,,,,,,,,23.16
MahoPa00,Patrick Mahomes II,KC,qb,@ 10:11 PM EDT,28,11.7,,436.3,291.4,163.3,9.2,11.3,25.8,3412.3,7.8,,,54.5,14.6,2.1,312.0,,,,,,,,,,,,,,,,,,,,,,,,,22.43
HillTy00,Tyreek Hill,MIA,wr,@ 10:11 PM EDT,29,12.0,,,,,,,,,,,,6.8,2.4,0.4,48.7,55.9,79.4,8.8,1218.3,,,,,,,,,,,,,,,,,,,,,21.73
HerbJu00,Justin Herbert,LAC,qb,@ 10:11 PM EDT,25,12.5,,473.9,326.8,176.6,7.2,17.3,23.2,3542.0,7.5,,,44.2,9.0,2.3,165.0,,,,,,,,,,,,,,,,,,,,,,,,,19.75
AlleKe00,Keenan Allen,LAC,wr,@ 10:11 PM EDT,31,12.7,,,,,,,,,,,,1.3,0.3,,6.7,56.9,95.1,6.6,1119.0,,,,,,,,,,,,,,,,,,,,,19.52
JackLa00,Lamar Jackson,BAL,qb,@ 10:11 PM EDT,26,11.7,,320.1,216.3,119.0,5.8,21.3,16.6,2398.0,7.5,,,105.7,30.7,5.9,618.0,,,,,,,,,,,,,,,,,,,,,,,,,21
EkelAu00,Austin Ekeler,LAC,rb,@ 10:11 PM EDT,28,12.0,,,,,,,,,,,,156.6,35.6,6.8,715.7,28.2,55.9,4.1,474.3,,,,,,,,,,,,,,,,,,,,,19.9
TagoTu00,Tua Tagovailoa,MIA,qb,@ 10:11 PM EDT,25,11.7,,378.8,263.0,144.4,7.5,14.0,24.1,3287.7,8.7,,,29.8,6.0,1.8,105.0,,,,,,,,,,,,,,,,,,,,,,,,,19.81
RichAn00,Anthony Richardson,IND,qb,@ 10:11 PM EDT,22,12.0,,350.6,215.3,124.6,10.2,13.3,14.2,2391.0,6.8,,,101.7,30.7,7.0,588.3,,,,,,,,,,,,,,,,,,,,,,,,,19.19
DiggSt00,Stefon Diggs,BUF,wr,@ 10:11 PM EDT,29,11.7,,,,,,,,,,,,0.7,0.1,,3.3,50.2,81.0,8.1,998.3,,,,,,,,,,,,,,,,,,,,,19.68
FielJu00,Justin Fields,CHI,qb,@ 10:11 PM EDT,24,12.0,,333.1,214.6,122.5,10.9,26.0,18.1,2458.3,7.4,,,93.4,27.8,3.9,595.7,,,,,,,,,,,,,,,,,,,,,,,,,19.06
BrowAJ00,A.J. Brown,PHI,wr,@ 10:11 PM EDT,26,11.7,,,,,,,,,,,,,,,,51.6,75.3,6.2,1125.3,,,,,,,,,,,,,,,,,,,,,19.25
CousKi00,Kirk Cousins,MIN,qb,@ 10:11 PM EDT,35,12.0,,455.1,310.0,170.4,10.5,18.5,25.1,3389.3,7.4,,,18.2,3.0,0.9,51.7,,,,,,,,,,,,,,,,,,,,,,,,,18.57
AdamDa01,Davante Adams,LV,wr,@ 10:11 PM EDT,30,12.0,,,,,,,,,,,,2.2,0.6,0.0,13.0,49.9,80.3,6.4,1010.0,,,,,,,,,,,,,,,,,,,,,18.42
WatsDe00,Deshaun Watson,CLE,qb,@ 10:11 PM EDT,28,12.7,,381.1,252.9,139.8,8.2,20.0,17.7,2909.3,7.6,,,61.7,14.7,2.7,298.3,,,,,,,,,,,,,,,,,,,,,,,,,16.9
RobiBi01,Bijan Robinson,ATL,rb,@ 10:11 PM EDT,21,11.7,,,,,,,,,,,,159.4,36.9,3.8,824.3,24.4,49.1,2.7,414.7,,,,,,,,,,,,,,,,,,,,,18.03
ChasJa00,Ja&apos;Marr Chase,CIN,wr,@ 10:11 PM EDT,23,12.0,,,,,,,,,,,,3.8,0.9,0.0,22.0,45.9,74.8,6.8,912.7,,,,,,,,,,,,,,,,,,,,,17.38
KuppCo00,Cooper Kupp,LAR,wr,@ 10:11 PM EDT,30,11.9,,,,,,,,,,,,4.4,1.0,0.0,24.0,47.7,80.0,5.3,943.0,,,,,,,,,,,,,,,,,,,,,17.46
LawrTr00,Trevor Lawrence,JAX,qb,@ 10:11 PM EDT,24,12.0,,425.0,283.3,155.0,7.6,14.7,17.5,3001.3,7.1,,,51.2,11.7,1.9,244.0,,,,,,,,,,,,,,,,,,,,,,,,,17.33
KelcTr00,Travis Kelce,KC,te,@ 10:11 PM EDT,34,11.7,,,,,,,,,,,,,,,,43.7,72.1,8.6,840.7,,,,,,,,,,,,,,,,,,,,,17.79
StBrAm00,Amon-Ra St. Brown,DET,wr,@ 10:11 PM EDT,24,11.5,,,,,,,,,,,,5.8,1.8,0.3,37.3,44.7,75.6,5.5,873.7,,,,,,,,,,,,,,,,,,,,,17.44
PurdBr00,Brock Purdy,SF,qb,@ 10:11 PM EDT,23,11.7,,321.2,224.1,122.2,5.7,14.0,19.6,2723.7,8.5,,,38.5,6.7,2.9,95.0,,,,,,,,,,,,,,,,,,,,,,,,,17.16
GoffJa00,Jared Goff,DET,qb,@ 10:11 PM EDT,29,11.7,,382.5,261.8,143.3,7.3,11.3,20.8,2947.0,7.7,,,25.8,4.4,1.2,80.0,,,,,,,,,,,,,,,,,,,,,,,,,17.06
StroCJ00,C.J. Stroud,HOU,qb,@ 10:11 PM EDT,22,12.0,,423.9,273.2,152.8,7.9,20.7,17.0,3106.7,7.3,,,39.5,7.8,1.6,155.7,,,,,,,,,,,,,,,,,,,,,,,,,16.54
SmitGe01,Geno Smith,SEA,qb,@ 10:11 PM EDT,33,12.7,,403.2,276.7,148.9,6.6,15.3,17.5,2977.7,7.4,,,35.7,8.0,1.1,170.7,,,,,,,,,,,,,,,,,,,,,,,,,15.55
BurrJo01,Joe Burrow,CIN,qb,@ 10:11 PM EDT,26,11.9,,421.8,281.1,154.9,8.1,18.0,19.5,3036.0,7.2,,,38.5,5.2,0.9,107.0,,,,,,,,,,,,,,,,,,,,,,,,,16.45
JoneDa05,Daniel Jones,NYG,qb,@ 10:11 PM EDT,26,12.0,,365.1,244.4,131.7,8.6,22.0,11.9,2463.7,6.7,,,88.6,23.2,3.1,499.7,,,,,,,,,,,,,,,,,,,,,,,,,16.23
PollTo01,Tony Pollard,DAL,rb,@ 10:11 PM EDT,26,11.7,,,,,,,,,,,,180.4,41.7,6.8,869.7,15.4,33.4,1.7,249.7,,,,,,,,,,,,,,,,,,,,,16.65
dalxxx99,Dallas Cowboys,DAL,td,@ 10:11 PM EDT,,12.0,,,,,,,,,,,,,,,,,,,,0.1,170.7,0.2,179.5,,,,,,,,,13.2,7.8,12.0,230.0,37.5,0.5,2.8,3866.0,16.11
LoveJo01,Jordan Love,GB,qb,@ 10:11 PM EDT,24,12.0,,365.0,223.4,131.6,8.1,10.7,18.5,2647.0,7.3,,,37.9,8.7,2.1,164.0,,,,,,,,,,,,,,,,,,,,,,,,,15.82
PresDa01,Dak Prescott,DAL,qb,@ 10:11 PM EDT,30,11.7,,384.5,260.7,142.1,7.7,18.0,18.0,2745.0,7.1,,,36.9,7.9,1.8,152.0,,,,,,,,,,,,,,,,,,,,,,,,,16.24
sfoxxx99,San Francisco 49ers,SF,td,@ 10:11 PM EDT,,12.0,,,,,,,,,,,,,,,,,,,,0.1,195.1,0.2,166.6,,,,,,,,,12.9,7.6,12.0,220.0,37.0,0.5,2.3,3476.0,15.79
LambCe00,CeeDee Lamb,DAL,wr,@ 10:11 PM EDT,24,12.0,,,,,,,,,,,,7.2,1.7,0.0,42.0,41.9,67.2,5.4,854.3,,,0.0,17.6,,,,,,,,,,,,,,,,,15.74
phixxx99,Philadelphia Eagles,PHI,td,@ 10:11 PM EDT,,12.0,,,,,,,,,,,,,,,,,,,,0.1,231.9,0.2,196.6,,,,,,,,,12.7,7.2,10.6,224.0,37.0,0.5,2.7,3508.0,15.69
JacoJo00,Josh Jacobs,LV,rb,@ 10:11 PM EDT,25,11.7,,,,,,,,,,,,184.8,36.0,5.7,753.0,19.1,40.7,1.1,317.3,,,,,,,,,,,,,,,,,,,,,16.04
pitxxx99,Pittsburgh Steelers,PIT,td,@ 10:11 PM EDT,,12.0,,,,,,,,,,,,,,,,,,,,0.1,189.1,0.2,154.3,,,,,,,,,12.0,8.0,12.0,266.0,36.0,0.4,1.9,4369.0,15.56
WilsRu00,Russell Wilson,DEN,qb,@ 10:11 PM EDT,34,12.0,,361.2,234.5,132.7,7.9,16.0,18.7,2653.0,7.3,,,36.0,8.0,1.0,173.3,,,,,,,,,,,,,,,,,,,,,,,,,15.49
bufxxx99,Buffalo Bills,BUF,td,@ 10:11 PM EDT,,12.0,,,,,,,,,,,,,,,,,,,,0.1,300.9,0.2,170.8,,,,,,,,,12.3,7.5,12.0,236.0,33.0,0.4,2.0,3745.0,15.27
norxxx99,New Orleans Saints,NO,td,@ 10:11 PM EDT,,13.0,,,,,,,,,,,,,,,,,,,,0.1,198.4,0.2,144.6,,,,,,,,,10.5,6.9,10.0,271.0,32.5,0.4,1.5,4169.0,14.06
nwexxx99,New England Patriots,NE,td,@ 10:11 PM EDT,,12.0,,,,,,,,,,,,,,,,,,,,0.1,273.4,0.2,206.1,,,,,,,,,12.6,6.7,11.5,238.0,31.0,0.5,2.5,3858.0,15.16
detxxx99,Detroit Lions,DET,td,@ 10:11 PM EDT,,12.0,,,,,,,,,,,,,,,,,,,,0.1,256.6,0.2,146.6,,,,,,,,,12.6,7.1,10.6,235.0,35.0,0.4,1.8,3772.0,15.04
HoweSa00,Sam Howell,WAS,qb,@ 10:11 PM EDT,23,12.0,,400.3,263.3,144.5,11.7,26.7,14.7,2847.0,7.1,,,40.7,10.4,2.1,207.7,,,,,,,,,,,,,,,,,,,,,,,,,14.99
NacuPu00,Puka Nacua,LAR,wr,@ 10:11 PM EDT,22,12.0,,,,,,,,,,,,5.4,1.0,0.1,23.7,42.2,69.8,3.4,859.3,0.0,54.4,0.1,45.3,,,,,,,,,,,,,,,,,14.93
OlavCh00,Chris Olave,NO,wr,@ 10:11 PM EDT,23,12.0,,,,,,,,,,,,1.0,0.3,0.0,7.3,42.2,64.6,3.8,910.0,,,,,,,,,,,,,,,,,,,,,14.9
sdgxxx99,Los Angeles Chargers,LAC,td,@ 10:11 PM EDT,,12.0,,,,,,,,,,,,,,,,,,,,0.1,227.4,0.2,152.5,,,,,,,,,12.6,7.9,9.2,289.0,34.0,0.4,1.7,4452.0,14.81
BarkSa00,Saquon Barkley,NYG,rb,@ 10:11 PM EDT,26,11.3,,,,,,,,,,,,168.3,34.6,5.8,717.7,17.5,39.0,0.9,276.0,,,,,,,,,,,,,,,,,,,,,15.76
otixxx99,Tennessee Titans,TEN,td,@ 10:11 PM EDT,,13.0,,,,,,,,,,,,,,,,,,,,0.1,294.0,0.2,163.5,,,,,,,,,10.1,5.0,10.0,288.0,31.0,0.4,1.5,4622.0,13.65
ravxxx99,Baltimore Ravens,BAL,td,@ 10:11 PM EDT,,12.0,,,,,,,,,,,,,,,,,,,,0.1,222.6,0.2,173.0,,,,,,,,,11.9,7.0,9.0,227.0,34.0,0.5,2.0,3720.0,14.79
EvanMi00,Mike Evans,TB,wr,@ 10:11 PM EDT,30,12.3,,,,,,,,,,,,,,,,40.1,59.8,5.2,863.0,,,,,,,,,,,,,,,,,,,,,14.36
CookJa05,James Cook,BUF,rb,@ 10:11 PM EDT,24,11.3,,,,,,,,,,,,152.2,34.1,3.7,758.3,18.0,35.8,2.1,316.7,,,,,,,,,,,,,,,,,,,,,15.62
kanxxx99,Kansas City Chiefs,KC,td,@ 10:11 PM EDT,,12.0,,,,,,,,,,,,,,,,,,,,0.1,281.0,0.2,156.5,,,,,,,,,12.7,7.4,9.2,254.0,32.0,0.4,2.0,3980.0,14.71
WalkKe01,Ken Walker III,SEA,rb,@ 10:11 PM EDT,23,12.3,,,,,,,,,,,,187.0,42.8,8.6,850.3,9.4,21.3,0.6,157.0,,,,,,,,,,,,,,,,,,,,,14.23
PittMi01,Michael Pittman Jr,IND,wr,@ 10:11 PM EDT,26,12.0,,,,,,,,,,,,,,,,41.4,74.1,3.8,781.0,,,,,,,,,,,,,,,,,,,,,14.6
MoorDJ00,DJ Moore,CHI,wr,@ 10:11 PM EDT,26,12.0,,,,,,,,,,,,2.4,0.6,0.0,14.0,37.9,53.6,6.0,836.7,,,,,,,,,,,,,,,,,,,,,14.57
nyjxxx99,New York Jets,NYJ,td,@ 10:11 PM EDT,,12.0,,,,,,,,,,,,,,,,,,,,0.1,230.7,0.2,126.9,,,,,,,,,8.5,6.0,11.5,227.0,28.5,0.4,2.0,3709.0,14.56
cinxxx99,Cincinnati Bengals,CIN,td,@ 10:11 PM EDT,,12.0,,,,,,,,,,,,,,,,,,,,0.1,225.0,0.2,156.0,,,,,,,,,12.1,6.7,10.6,254.0,31.5,0.4,1.5,3930.0,14.53
seaxxx99,Seattle Seahawks,SEA,td,@ 10:11 PM EDT,,12.0,,,,,,,,,,,,,,,,,,,,0.1,240.2,0.1,101.5,,,,,,,,,12.4,7.5,9.5,272.0,30.0,0.4,1.8,4333.0,14.51
StafMa00,Matthew Stafford,LAR,qb,@ 10:11 PM EDT,35,11.7,,395.1,260.2,142.7,10.4,16.0,14.7,3033.7,7.7,,,28.2,5.0,1.2,94.7,,,,,,,,,,,,,,,,,,,,,,,,,14.84
clexxx99,Cleveland Browns,CLE,td,@ 10:11 PM EDT,,12.0,,,,,,,,,,,,,,,,,,,,0.1,328.6,0.2,166.9,,,,,,,,,10.3,5.7,7.9,231.0,34.0,0.4,2.1,3778.0,14.42
crdxxx99,Arizona Cardinals,ARI,td,@ 10:11 PM EDT,,12.0,,,,,,,,,,,,,,,,,,,,0.1,227.0,0.2,168.1,,,,,,,,,11.3,6.5,9.2,318.0,31.5,0.3,1.8,4359.0,14.4
SmitDe04,DeVonta Smith,PHI,wr,@ 10:11 PM EDT,24,11.7,,,,,,,,,,,,,,,,38.8,62.6,5.2,787.3,,,0.0,17.9,,,,,,,,,,,,,,,,,14.76
cltxxx99,Indianapolis Colts,IND,td,@ 10:11 PM EDT,,12.0,,,,,,,,,,,,,,,,,,,,0.1,364.9,0.2,170.9,,,,,,,,,13.8,7.5,8.0,275.0,33.0,0.3,1.5,4134.0,14.34
EtieTr00,Travis Etienne Jr.,JAX,rb,@ 10:11 PM EDT,24,11.7,,,,,,,,,,,,176.0,35.0,3.7,780.3,17.4,36.1,1.3,300.3,,,,,,,,,,,,,,,,,,,,,14.74
WillKy02,Kyren Williams,LAR,rb,@ 10:11 PM EDT,23,11.7,,,,,,,,,,,,172.2,33.8,6.9,671.0,14.9,31.2,1.4,254.3,0.0,81.7,0.0,30.2,,,,,,,,,,,,,,,,,14.74
htxxxx99,Houston Texans,HOU,td,@ 10:11 PM EDT,,12.0,,,,,,,,,,,,,,,,,,,,0.1,167.4,0.2,172.6,,,,,,,,,13.1,6.7,11.0,279.0,27.0,0.4,1.6,4271.0,14.27
gnbxxx99,Green Bay Packers,GB,td,@ 10:11 PM EDT,,12.0,,,,,,,,,,,,,,,,,,,,0.1,399.5,0.2,171.7,,,,,,,,,11.2,6.0,10.5,277.0,29.0,0.4,1.6,4091.0,14.24
jaxxxx99,Jacksonville Jaguars,JAX,td,@ 10:11 PM EDT,,12.0,,,,,,,,,,,,,,,,,,,,0.1,229.6,0.2,168.1,,,,,,,,,12.2,6.5,8.5,250.0,29.0,0.4,2.0,4156.0,14.19
WaddJa00,Jaylen Waddle,MIA,wr,@ 10:11 PM EDT,24,12.0,,,,,,,,,,,,3.7,1.0,0.0,24.0,38.2,53.8,4.7,858.0,,,,,,,,,,,,,,,,,,,,,14.17
AiyuBr00,Brandon Aiyuk,SF,wr,@ 10:11 PM EDT,25,11.7,,,,,,,,,,,,3.3,0.9,0.0,22.0,36.6,54.3,5.8,784.7,,,,,,,,,,,,,,,,,,,,,14.52
ramxxx99,Los Angeles Rams,LAR,td,@ 10:11 PM EDT,,13.0,,,,,,,,,,,,,,,,,,,,0.1,251.1,0.2,131.5,,,,,,,,,9.6,5.0,9.0,288.0,25.0,0.3,1.5,4534.0,13.02
MetcDK00,DK Metcalf,SEA,wr,@ 10:11 PM EDT,25,12.7,,,,,,,,,,,,,,,,37.4,56.9,5.4,790.3,,,,,,,,,,,,,,,,,,,,,13.27
JoneMa04,Mac Jones,NE,qb,@ 10:11 PM EDT,25,11.7,,417.5,269.1,149.8,10.9,14.0,15.4,2785.3,6.7,,,35.9,6.1,1.0,127.0,,,,,,,,,,,,,,,,,,,,,,,,,14.31
CollNi00,Nico Collins,HOU,wr,@ 10:11 PM EDT,24,12.0,,,,,,,,,,,,1.1,0.3,,7.3,38.3,57.0,4.3,835.0,,,,,,,,,,,,,,,,,,,,,13.9
MayfBa00,Baker Mayfield,TB,qb,@ 10:11 PM EDT,28,12.3,,357.9,242.6,131.6,8.8,14.7,15.4,2639.3,7.4,,,37.4,6.1,1.2,121.3,,,,,,,,,,,,,,,,,,,,,,,,,13.49
chixxx99,Chicago Bears,CHI,td,@ 10:11 PM EDT,,13.0,,,,,,,,,,,,,,,,,,,,0.1,301.3,0.2,154.6,,,,,,,,,12.0,6.0,9.5,324.0,21.0,0.3,1.0,4944.0,12.71
wasxxx99,Washington Commanders,WAS,td,@ 10:11 PM EDT,,12.0,,,,,,,,,,,,,,,,,,,,0.1,311.0,0.2,183.4,,,,,,,,,11.1,6.0,7.0,288.0,29.0,0.3,1.8,4050.0,13.74
carxxx99,Carolina Panthers,CAR,td,@ 10:11 PM EDT,,12.0,,,,,,,,,,,,,,,,,,,,0.1,247.3,0.2,169.9,,,,,,,,,12.9,5.5,7.5,279.0,29.5,0.3,1.7,4065.0,13.73
WilsGa00,Garrett Wilson,NYJ,wr,@ 10:11 PM EDT,23,12.0,,,,,,,,,,,,1.6,0.4,,9.7,35.5,58.9,5.8,698.0,,,,,,,,,,,,,,,,,,,,,13.71
PachIs00,Isiah Pacheco,KC,rb,@ 10:11 PM EDT,24,11.3,,,,,,,,,,,,168.0,37.4,5.4,798.0,11.9,25.2,1.2,207.7,0.0,27.6,,,,,,,,,,,,,,,,,,,14.47
HockTJ00,T.J. Hockenson,MIN,te,@ 10:11 PM EDT,26,12.0,,,,,,,,,,,,,,,,36.8,70.5,4.9,637.7,,,,,,,,,,,,,,,,,,,,,13.64
tamxxx99,Tampa Bay Buccaneers,TB,td,@ 10:11 PM EDT,,12.0,,,,,,,,,,,,,,,,,,,,0.1,225.5,0.2,175.9,,,,,,,,,11.9,7.0,7.0,272.0,27.5,0.4,1.4,4031.0,13.6
MixoJo00,Joe Mixon,CIN,rb,@ 10:11 PM EDT,27,11.7,,,,,,,,,,,,159.2,32.3,5.4,668.0,14.8,32.2,1.5,239.0,,,,,,,,,,,,,,,,,,,,,13.98
nygxxx99,New York Giants,NYG,td,@ 10:11 PM EDT,,12.0,,,,,,,,,,,,,,,,,,,,0.1,230.9,0.2,145.3,,,,,,,,,12.5,7.1,6.5,288.0,27.0,0.4,1.6,4388.0,13.59
HenrDe00,Derrick Henry,TEN,rb,@ 10:11 PM EDT,29,11.7,,,,,,,,,,,,201.4,41.7,6.6,875.3,8.2,16.2,0.9,161.0,,,,,,,,,,,,,,,,,,,,,13.95
minxxx99,Minnesota Vikings,MIN,td,@ 10:11 PM EDT,,12.0,,,,,,,,,,,,,,,,,,,,0.1,260.9,0.2,151.4,,,,,,,,,11.3,5.5,8.5,302.0,26.0,0.3,1.5,4535.0,13.51
RidlCa00,Calvin Ridley,JAX,wr,@ 10:11 PM EDT,28,12.0,,,,,,,,,,,,3.1,0.7,0.0,17.7,34.8,53.9,5.5,723.0,,,,,,,,,,,,,,,,,,,,,13.43
MontDa01,David Montgomery,DET,rb,@ 10:11 PM EDT,26,11.3,,,,,,,,,,,,185.1,39.4,9.7,735.7,6.1,13.7,0.9,110.0,,,,,,,,,,,,,,,,,,,,,14.21
atlxxx99,Atlanta Falcons,ATL,td,@ 10:11 PM EDT,,12.0,,,,,,,,,,,,,,,,,,,,0.1,244.1,0.2,124.9,,,,,,,,,11.0,6.0,8.1,268.0,22.0,0.3,1.8,4124.0,13.34
SwifDA00,D&apos;Andre Swift,PHI,rb,@ 10:11 PM EDT,24,11.3,,,,,,,,,,,,155.8,37.7,5.9,791.0,10.2,23.5,1.2,158.7,,,,,,,,,,,,,,,,,,,,,14.13
denxxx99,Denver Broncos,DEN,td,@ 10:11 PM EDT,,12.0,,,,,,,,,,,,,,,,,,,,0.1,186.4,0.2,166.0,,,,,,,,,9.6,6.0,10.0,277.0,22.0,0.4,1.1,4523.0,13.32
miaxxx99,Miami Dolphins,MIA,td,@ 10:11 PM EDT,,12.0,,,,,,,,,,,,,,,,,,,,0.1,223.3,0.2,159.4,,,,,,,,,10.8,6.0,8.5,263.0,20.5,0.4,1.8,3948.0,13.3
MeyeJa00,Jakobi Meyers,LV,wr,@ 10:11 PM EDT,26,12.0,,,,,,,,,,,,3.2,0.8,0.0,19.3,36.6,60.9,3.8,735.0,,,,,,,,,,,,,,,,,,,,,13.29
TaylJo02,Jonathan Taylor,IND,rb,@ 10:11 PM EDT,24,11.5,,,,,,,,,,,,172.2,39.1,5.9,826.3,9.4,20.4,0.9,162.7,,,,,,,,,,,,,,,,,,,,,13.81
CoopAm00,Amari Cooper,CLE,wr,@ 10:11 PM EDT,29,12.7,,,,,,,,,,,,1.3,0.4,0.0,9.0,35.8,54.3,4.3,767.0,,,,,,,,,,,,,,,,,,,,,12.46
AchaDe00,De'Von Achane,MIA,rb,@ 10:11 PM EDT,22,11.7,,,,,,,,,,,,113.9,29.4,5.7,590.7,14.0,28.8,2.0,240.3,0.0,119.6,,,,,,,,,,,,,,,,,,,13.45
KamaAl00,Alvin Kamara,NO,rb,@ 10:11 PM EDT,28,11.7,,,,,,,,,,,,128.2,23.8,2.4,533.3,21.4,48.0,1.4,328.7,,,,,,,,,,,,,,,,,,,,,13.37
LockTy00,Tyler Lockett,SEA,wr,@ 10:11 PM EDT,31,12.7,,,,,,,,,,,,,,,,34.5,57.7,5.0,679.3,0.0,28.3,0.0,13.4,,,,,,,,,,,,,,,,,12.29
GodwCh00,Chris Godwin,TB,wr,@ 10:11 PM EDT,27,12.7,,,,,,,,,,,,1.8,0.5,0.0,11.0,35.8,61.5,3.5,705.7,,,,,,,,,,,,,,,,,,,,,12.16
StevRh00,Rhamondre Stevenson,NE,rb,@ 10:11 PM EDT,25,11.7,,,,,,,,,,,,166.0,29.7,3.6,652.7,16.2,36.6,1.0,254.0,,,,,,,,,,,,,,,,,,,,,13.17
SamuDe00,Deebo Samuel,SF,wr,@ 10:11 PM EDT,27,11.7,,,,,,,,,,,,27.6,7.8,1.8,149.0,28.5,43.5,3.9,609.7,,,,,,,,,,,,,,,,,,,,,13.12
ThieAd00,Adam Thielen,CAR,wr,@ 10:11 PM EDT,33,12.0,,,,,,,,,,,,,,,,35.5,62.8,3.7,679.7,,,,,,,,,,,,,,,,,,,,,12.76
raixxx99,Las Vegas Raiders,LV,td,@ 10:11 PM EDT,,12.0,,,,,,,,,,,,,,,,,,,,0.1,243.1,0.2,176.1,,,,,,,,,10.6,5.5,5.0,316.0,23.0,0.3,1.6,4296.0,12.72
KirkCh00,Christian Kirk,JAX,wr,@ 10:11 PM EDT,26,12.0,,,,,,,,,,,,3.1,0.7,0.0,17.7,34.8,58.8,3.7,691.7,,,,,,,,,,,,,,,,,,,,,12.66
FordJe00,Jerome Ford,CLE,rb,@ 10:11 PM EDT,24,12.3,,,,,,,,,,,,150.4,29.9,4.3,638.3,14.3,31.5,1.4,231.3,0.1,146.9,,,,,,,,,,,,,,,,,,,12.28
WhitRa00,Rachaad White,TB,rb,@ 10:11 PM EDT,24,12.3,,,,,,,,,,,,185.5,30.5,3.4,676.3,14.6,33.9,1.4,216.7,,,,,,,,,,,,,,,,,,,,,12.2
HiggTe00,Tee Higgins,CIN,wr,@ 10:11 PM EDT,24,10.9,,,,,,,,,,,,,,,,33.3,51.8,4.8,694.3,,,,,,,,,,,,,,,,,,,,,13.8
AndrMa00,Mark Andrews,BAL,te,@ 10:11 PM EDT,28,12.0,,,,,,,,,,,,0.7,0.1,,3.3,32.3,54.1,5.4,631.0,,,,,,,,,,,,,,,,,,,,,12.47
ConnJa00,James Conner,ARI,rb,@ 10:11 PM EDT,28,11.7,,,,,,,,,,,,154.6,32.2,5.9,654.7,11.4,26.3,1.0,180.3,,,,,,,,,,,,,,,,,,,,,12.82
YounBr01,Bryce Young,CAR,qb,@ 10:11 PM EDT,22,12.0,,373.3,233.7,132.1,9.4,16.7,12.5,2402.7,6.4,,,37.1,8.0,1.3,167.7,,,,,,,,,,,,,,,,,,,,,,,,,12.4
BrowMa05,Marquise Brown,ARI,wr,@ 10:11 PM EDT,26,12.0,,,,,,,,,,,,1.1,0.3,0.0,7.7,34.0,57.0,3.7,679.3,,,,,,,,,,,,,,,,,,,,,12.33
PickKe00,Kenny Pickett,PIT,qb,@ 10:11 PM EDT,25,11.7,,354.7,224.8,126.6,9.7,17.3,13.1,2392.0,6.7,,,33.4,6.5,1.3,129.3,,,,,,,,,,,,,,,,,,,,,,,,,12.59
CarrDe02,Derek Carr,NO,qb,@ 10:11 PM EDT,32,12.0,,372.9,247.1,134.5,9.6,21.3,12.9,2727.7,7.3,,,21.2,2.3,0.5,45.7,,,,,,,,,,,,,,,,,,,,,,,,,12.23
GaroJi01,Jimmy Garoppolo,LV,qb,@ 10:11 PM EDT,31,11.1,,325.1,221.7,120.1,9.9,14.7,14.7,2465.7,7.6,,,34.4,2.8,0.9,48.0,,,,,,,,,,,,,,,,,,,,,,,,,13.15
WatsCh00,Christian Watson,GB,wr,@ 10:11 PM EDT,24,12.0,,,,,,,,,,,,4.6,1.2,0.0,30.3,30.4,44.0,5.1,663.3,,,,,,,,,,,,,,,,,,,,,12.02
GibbJa00,Jahmyr Gibbs,DET,rb,@ 10:11 PM EDT,21,11.1,,,,,,,,,,,,104.2,21.8,3.1,465.7,17.8,37.6,2.2,290.3,,,,,,,,,,,,,,,,,,,,,13
SandMi00,Miles Sanders,CAR,rb,@ 10:11 PM EDT,26,11.6,,,,,,,,,,,,144.2,27.6,3.2,610.0,14.9,33.7,1.1,232.7,,,,,,,,,,,,,,,,,,,,,12.24
FlowZa00,Zay Flowers,BAL,wr,@ 10:11 PM EDT,23,12.0,,,,,,,,,,,,6.0,1.1,0.0,27.7,31.6,55.3,3.8,608.7,,,,,,,,,,,,,,,,,,,,,11.83
JoneAa00,Aaron Jones,GB,rb,@ 10:11 PM EDT,28,11.7,,,,,,,,,,,,115.8,25.5,2.9,565.3,14.9,30.6,2.0,256.3,,,,,,,,,,,,,,,,,,,,,12.09
RobiBr01,Brian Robinson Jr,WAS,rb,@ 10:11 PM EDT,24,11.7,,,,,,,,,,,,168.3,35.1,6.9,701.3,6.8,16.0,0.2,117.3,,,,,,,,,,,,,,,,,,,,,11.96
DellNa00,Tank Dell,HOU,wr,@ 10:11 PM EDT,24,12.0,,,,,,,,,,,,1.3,0.4,,10.0,31.9,49.8,3.4,677.3,0.0,18.1,0.1,73.7,,,,,,,,,,,,,,,,,11.58
PierDa01,Dameon Pierce,HOU,rb,@ 10:11 PM EDT,23,11.7,,,,,,,,,,,,175.0,31.4,3.6,693.0,10.7,24.8,1.0,168.0,,,,,,,,,,,,,,,,,,,,,11.78
McLaTe00,Terry McLaurin,WAS,wr,@ 10:11 PM EDT,28,12.0,,,,,,,,,,,,1.6,0.4,0.0,10.3,31.9,50.5,2.8,678.3,,,,,,,,,,,,,,,,,,,,,11.35
TannRy00,Ryan Tannehill,TEN,qb,@ 10:11 PM EDT,35,11.7,,289.4,187.9,104.4,8.0,22.7,11.3,2143.7,7.4,,,28.8,6.9,1.9,123.7,,,,,,,,,,,,,,,,,,,,,,,,,11.66
MostRa00,Raheem Mostert,MIA,rb,@ 10:11 PM EDT,31,11.7,,,,,,,,,,,,110.9,27.5,4.9,562.7,11.0,23.5,1.5,187.7,0.0,45.9,,,,,,,,,,,,,,,,,,,11.66
DaviGa01,Gabe Davis,BUF,wr,@ 10:11 PM EDT,24,11.7,,,,,,,,,,,,1.1,0.4,0.0,8.0,27.8,38.5,5.5,616.7,,,,,,,,,,,,,,,,,,,,,11.51
AddiJo00,Jordan Addison,MIN,wr,@ 10:11 PM EDT,21,12.0,,,,,,,,,,,,2.0,0.4,,10.0,28.5,45.1,5.0,581.7,,,,,,,,,,,,,,,,,,,,,11.19
DoubRo00,Romeo Doubs,GB,wr,@ 10:11 PM EDT,23,12.0,,,,,,,,,,,,0.7,0.1,,3.3,29.9,50.2,4.1,592.3,,,,,,,,,,,,,,,,,,,,,11.19
SuttCo00,Courtland Sutton,DEN,wr,@ 10:11 PM EDT,28,12.0,,,,,,,,,,,,,,,,28.5,47.0,4.9,565.0,,,,,,,,,,,,,,,,,,,,,11.07
HopkDe00,DeAndre Hopkins,TEN,wr,@ 10:11 PM EDT,31,12.0,,,,,,,,,,,,,,,,29.3,49.3,3.5,587.0,,,,,,,,,,,,,,,,,,,,,10.75
EngrEv00,Evan Engram,JAX,te,@ 10:11 PM EDT,29,12.0,,,,,,,,,,,,,,,,30.5,57.5,2.6,557.3,,,,,,,,,,,,,,,,,,,,,10.72
WarrJa00,Jaylen Warren,PIT,rb,@ 10:11 PM EDT,24,11.7,,,,,,,,,,,,100.2,18.7,1.9,420.0,18.3,40.8,1.1,287.3,,,,,,,,,,,,,,,,,,,,,11.01
HallBr01,Breece Hall,NYJ,rb,@ 10:11 PM EDT,22,11.5,,,,,,,,,,,,127.9,29.8,3.6,652.0,8.9,18.6,1.2,160.0,,,,,,,,,,,,,,,,,,,,,11.06
LapoSa00,Sam LaPorta,DET,te,@ 10:11 PM EDT,22,11.7,,,,,,,,,,,,,,,,28.3,50.6,4.0,531.0,,,,,,,,,,,,,,,,,,,,,10.92
JohnDi01,Diontae Johnson,PIT,wr,@ 10:11 PM EDT,27,11.7,,,,,,,,,,,,1.3,0.3,,6.7,29.9,53.5,2.5,578.3,,,,,,,,,,,,,,,,,,,,,10.88
KmetCo00,Cole Kmet,CHI,te,@ 10:11 PM EDT,24,12.0,,,,,,,,,,,,,,,,27.3,49.7,4.6,495.7,,,,,,,,,,,,,,,,,,,,,10.57
MoorEl00,Elijah Moore,CLE,wr,@ 10:11 PM EDT,23,12.7,,,,,,,,,,,,9.9,2.1,0.1,51.0,27.8,48.3,3.0,546.3,,,,,,,,,,,,,,,,,,,,,9.99
DotsJa00,Jahan Dotson,WAS,wr,@ 10:11 PM EDT,23,12.0,,,,,,,,,,,,1.6,0.4,0.0,10.3,28.1,44.9,3.7,582.7,,,,,,,,,,,,,,,,,,,,,10.53
ThomMi02,Michael Thomas,NO,wr,@ 10:11 PM EDT,30,12.0,,,,,,,,,,,,,,,,30.0,52.5,2.5,589.7,,,,,,,,,,,,,,,,,,,,,10.52
JeudJe00,Jerry Jeudy,DEN,wr,@ 10:11 PM EDT,24,12.0,,,,,,,,,,,,0.7,0.1,,3.3,28.2,43.4,3.6,603.7,,,,,,,,,,,,,,,,,,,,,10.49
PalmJo01,Joshua Palmer,LAC,wr,@ 10:11 PM EDT,24,12.7,,,,,,,,,,,,0.7,0.1,,3.3,29.0,48.0,3.0,594.0,,,,,,,,,,,,,,,,,,,,,9.93
RiddDe00,Desmond Ridder,ATL,qb,@ 10:11 PM EDT,24,10.5,,283.5,181.6,101.3,6.1,16.7,10.1,1925.7,6.8,,,34.8,7.2,1.4,142.3,,,,,,,,,,,,,,,,,,,,,,,,,11.99
PickGe00,George Pickens,PIT,wr,@ 10:11 PM EDT,22,12.0,,,,,,,,,,,,0.7,0.1,,3.3,28.8,42.7,3.1,638.7,,,,,,,,,,,,,,,,,,,,,10.46
MurrKy00,Kyler Murray,ARI,qb,@ 10:11 PM EDT,26,9.5,,258.8,173.8,94.2,7.2,12.0,9.9,1748.7,6.8,,,39.8,9.9,1.6,206.7,,,,,,,,,,,,,,,,,,,,,,,,,12.93
AtweTu00,Tutu Atwell,LAR,wr,@ 10:11 PM EDT,24,12.0,,,,,,,,,,,,5.4,1.5,0.1,34.7,27.7,43.6,2.1,596.0,0.0,27.2,0.0,15.5,,,,,,,,,,,,,,,,,9.99
JoneZa00,Zay Jones,JAX,wr,@ 10:11 PM EDT,28,12.0,,,,,,,,,,,,1.1,0.3,0.0,7.7,25.6,45.8,3.7,483.0,,,,,,,,,,,,,,,,,,,,,9.75
WoodRo01,Robert Woods,HOU,wr,@ 10:11 PM EDT,31,12.0,,,,,,,,,,,,,,,,26.6,47.0,2.6,517.0,,,0.1,61.9,,,,,,,,,,,,,,,,,9.54
WilsZa00,Zach Wilson,NYJ,qb,@ 10:11 PM EDT,24,10.8,,271.8,168.3,97.1,8.5,13.3,11.5,1790.7,6.6,,,23.0,4.9,0.9,101.0,,,,,,,,,,,,,,,,,,,,,,,,,10.51
MattAl01,Alexander Mattison,MIN,rb,@ 10:11 PM EDT,25,11.7,,,,,,,,,,,,119.0,21.7,2.9,468.0,10.5,24.6,1.6,155.7,,,,,,,,,,,,,,,,,,,,,9.68
SmitJa02,Jaxon Smith-Njigba,SEA,wr,@ 10:11 PM EDT,21,12.7,,,,,,,,,,,,0.7,0.1,,3.3,25.6,47.9,2.8,472.3,,,,,,,,,,,,,,,,,,,,,8.84
WilsMi01,Michael Wilson,ARI,wr,@ 10:11 PM EDT,23,12.0,,,,,,,,,,,,,,,,25.1,41.4,2.9,515.3,,,,,,,,,,,,,,,,,,,,,9.21
SamuCu00,Curtis Samuel,WAS,wr,@ 10:11 PM EDT,27,12.0,,,,,,,,,,,,8.3,2.3,0.4,47.0,24.1,43.9,2.2,458.3,,,,,,,,,,,,,,,,,,,,,9.2
NjokDa00,David Njoku,CLE,te,@ 10:11 PM EDT,27,12.7,,,,,,,,,,,,,,,,25.1,43.8,2.9,490.3,,,,,,,,,,,,,,,,,,,,,8.7
BoydTy00,Tyler Boyd,CIN,wr,@ 10:11 PM EDT,28,12.0,,,,,,,,,,,,,,,,25.5,45.1,2.5,498.0,,,,,,,,,,,,,,,,,,,,,9.17
EdwaGu00,Gus Edwards,BAL,rb,@ 10:11 PM EDT,28,11.7,,,,,,,,,,,,133.5,30.9,4.6,656.7,3.6,9.0,0.4,66.3,,,,,,,,,,,,,,,,,,,,,9.43
MimsMa00,Marvin Mims Jr.,DEN,wr,@ 10:11 PM EDT,21,11.9,,,,,,,,,,,,3.6,0.7,0.0,16.3,24.6,36.2,2.8,549.7,0.1,138.6,0.2,128.9,,,,,,,,,,,,,,,,,9.26
ErtzZa00,Zach Ertz,ARI,te,@ 10:11 PM EDT,32,12.0,,,,,,,,,,,,,,,,24.5,48.7,3.2,418.3,,,,,,,,,,,,,,,,,,,,,9.16
JohnQu01,Quentin Johnston,LAC,wr,@ 10:11 PM EDT,22,12.3,,,,,,,,,,,,1.1,0.2,0.0,3.7,24.4,39.8,3.2,503.0,,,,,,,,,,,,,,,,,,,,,8.95
LondDr00,Drake London,ATL,wr,@ 10:11 PM EDT,22,12.0,,,,,,,,,,,,,,,,24.5,41.8,3.2,485.3,,,,,,,,,,,,,,,,,,,,,9.15
JohnRo07,Roschon Johnson,CHI,rb,@ 10:11 PM EDT,22,11.3,,,,,,,,,,,,96.6,20.6,3.5,425.7,10.3,22.8,1.1,169.7,,,,,,,,,,,,,,,,,,,,,9.62
HarrNa00,Najee Harris,PIT,rb,@ 10:11 PM EDT,25,11.7,,,,,,,,,,,,140.9,26.2,4.0,553.3,6.5,15.6,0.6,109.0,,,,,,,,,,,,,,,,,,,,,9.3
KittGe00,George Kittle,SF,te,@ 10:11 PM EDT,30,11.7,,,,,,,,,,,,,,,,22.9,37.2,4.1,462.7,,,,,,,,,,,,,,,,,,,,,9.28
WillJa08,Javonte Williams,DEN,rb,@ 10:11 PM EDT,23,11.4,,,,,,,,,,,,106.1,19.8,2.7,424.3,10.9,25.2,1.3,168.3,,,,,,,,,,,,,,,,,,,,,9.48
GoedDa00,Dallas Goedert,PHI,te,@ 10:11 PM EDT,28,11.7,,,,,,,,,,,,,,,,24.7,43.6,2.8,478.0,,,,,,,,,,,,,,,,,,,,,9.26
DownJo00,Josh Downs,IND,wr,@ 10:11 PM EDT,22,12.0,,,,,,,,,,,,1.3,0.3,,6.7,24.3,43.2,2.8,469.3,,,0.0,35.2,,,,,,,,,,,,,,,,,8.96
BurkTr00,Treylon Burks,TEN,wr,@ 10:11 PM EDT,23,11.9,,,,,,,,,,,,2.4,0.6,0.0,14.3,24.2,37.5,2.5,525.7,,,,,,,,,,,,,,,,,,,,,8.99
CookBr01,Brandin Cooks,DAL,wr,@ 10:11 PM EDT,30,12.0,,,,,,,,,,,,,,,,24.2,41.6,2.8,480.7,,,,,,,,,,,,,,,,,,,,,8.89
MoodJa44,Jake Moody,SF,pk,@ 10:11 PM EDT,23,12.0,,,,,,,,,,,,,,,,,,,,,,,,40.5,39.0,,26.5,22.5,4.0,,,,,,,,,,,8.88
RiceRa01,Rashee Rice,KC,wr,@ 10:11 PM EDT,23,11.8,,,,,,,,,,,,1.1,0.2,0.0,3.7,23.3,39.2,3.3,467.0,,,,,,,,,,,,,,,,,,,,,9.02
AllgTy00,Tyler Allgeier,ATL,rb,@ 10:11 PM EDT,23,11.7,,,,,,,,,,,,121.3,25.2,3.9,530.0,6.6,15.2,0.5,115.0,,,,,,,,,,,,,,,,,,,,,9.03
HenrHu00,Hunter Henry,NE,te,@ 10:11 PM EDT,28,12.0,,,,,,,,,,,,,,,,22.8,39.0,3.3,451.7,,,,,,,,,,,,,,,,,,,,,8.66
WallDa00,Darren Waller,NYG,te,@ 10:11 PM EDT,31,12.0,,,,,,,,,,,,,,,,23.2,41.1,2.9,448.3,,,,,,,,,,,,,,,,,,,,,8.63
ReedJa01,Jayden Reed,GB,wr,@ 10:11 PM EDT,23,12.0,,,,,,,,,,,,1.3,0.3,,6.7,22.7,34.9,3.2,488.7,0.0,39.6,0.2,125.0,,,,,,,,,,,,,,,,,8.62
HerbKh00,Khalil Herbert,CHI,rb,@ 10:11 PM EDT,25,9.7,,,,,,,,,,,,102.8,22.0,2.3,492.0,8.5,19.0,1.0,144.7,,,,,,,,,,,,,,,,,,,,,10.51
SpeaTy00,Tyjae Spears,TEN,rb,@ 10:11 PM EDT,23,11.7,,,,,,,,,,,,70.3,14.8,2.1,317.7,13.3,28.8,1.0,225.0,,,,,,,,,,,,,,,,,,,,,8.63
TuckJu44,Justin Tucker,BAL,pk,@ 10:11 PM EDT,33,12.0,,,,,,,,,,,,,,,,,,,,,,,,29.0,27.5,,28.0,24.0,4.0,,,,,,,,,,,8.29
FergJa01,Jake Ferguson,DAL,te,@ 10:11 PM EDT,24,12.0,,,,,,,,,,,,,,,,21.6,40.3,3.3,392.0,,,,,,,,,,,,,,,,,,,,,8.29
ElliEz00,Ezekiel Elliott,NE,rb,@ 10:11 PM EDT,28,11.7,,,,,,,,,,,,100.4,19.5,3.4,401.0,8.7,21.2,0.6,131.3,,,,,,,,,,,,,,,,,,,,,8.36
BassTy44,Tyler Bass,BUF,pk,@ 10:11 PM EDT,26,12.0,,,,,,,,,,,,,,,,,,,,,,,,36.5,34.5,,25.5,21.0,4.5,,,,,,,,,,,8.13
McKiJe01,Jerick McKinnon,KC,rb,@ 10:11 PM EDT,31,11.3,,,,,,,,,,,,36.4,7.4,1.4,150.0,14.6,29.3,3.6,240.0,,,,,,,,,,,,,,,,,,,,,8.64
ShahRa00,Rashid Shaheed,NO,wr,@ 10:11 PM EDT,25,12.0,,,,,,,,,,,,5.4,1.3,0.0,31.0,22.0,34.2,1.7,487.0,0.0,108.6,0.1,92.1,,,,,,,,,,,,,,,,,8.01
PeriSa00,Samaje Perine,DEN,rb,@ 10:11 PM EDT,28,11.7,,,,,,,,,,,,68.7,13.6,2.5,276.3,12.1,26.8,1.3,194.7,,,,,,,,,,,,,,,,,,,,,8.21
RobiWa00,Wan&apos;Dale Robinson,NYG,wr,@ 10:11 PM EDT,22,12.0,,,,,,,,,,,,3.7,1.1,0.0,27.0,22.0,42.1,1.7,404.7,,,,,,,,,,,,,,,,,,,,,7.97
BourKe00,Kendrick Bourne,NE,wr,@ 10:11 PM EDT,28,12.0,,,,,,,,,,,,3.1,0.7,,17.7,21.2,38.1,2.4,411.0,,,,,,,,,,,,,,,,,,,,,7.93
MyerJa44,Jason Myers,SEA,pk,@ 10:11 PM EDT,32,13.0,,,,,,,,,,,,,,,,,,,,,,,,31.0,29.0,,27.0,22.0,5.0,,,,,,,,,,,7.31
HigbTy01,Tyler Higbee,LAR,te,@ 10:11 PM EDT,30,12.0,,,,,,,,,,,,,,,,21.6,40.6,2.1,404.0,,,,,,,,,,,,,,,,,,,,,7.8
DickCa44,Cameron Dicker,LAC,pk,@ 10:11 PM EDT,23,13.0,,,,,,,,,,,,,,,,,,,,,,,,34.0,32.0,,24.5,20.5,4.0,,,,,,,,,,,7.19
AubrBr00,Brandon Aubrey,DAL,pk,@ 10:11 PM EDT,28,12.0,,,,,,,,,,,,,,,,,,,,,,,,36.0,34.0,,23.5,19.5,4.0,,,,,,,,,,,7.71
KincDa00,Dalton Kincaid,BUF,te,@ 10:11 PM EDT,24,11.9,,,,,,,,,,,,,,,,19.4,36.6,3.5,347.0,,,,,,,,,,,,,,,,,,,,,7.76
PattRi44,Riley Patterson,DET,pk,@ 10:11 PM EDT,25,12.0,,,,,,,,,,,,,,,,,,,,,,,,34.0,32.0,,24.0,20.0,4.0,,,,,,,,,,,7.67
LazaAl00,Allen Lazard,NYJ,wr,@ 10:11 PM EDT,27,12.0,,,,,,,,,,,,,,,,20.0,30.7,3.0,431.3,,,,,,,,,,,,,,,,,,,,,7.66
HopkDu44,Dustin Hopkins,CLE,pk,@ 10:11 PM EDT,33,13.0,,,,,,,,,,,,,,,,,,,,,,,,32.0,30.0,,24.6,20.5,4.1,,,,,,,,,,,7.04
DillA.00,AJ Dillon,GB,rb,@ 10:11 PM EDT,25,11.7,,,,,,,,,,,,114.5,22.1,4.1,446.0,4.5,11.0,0.6,80.3,,,,,,,,,,,,,,,,,,,,,7.78
GayxMa44,Matt Gay,IND,pk,@ 10:11 PM EDT,29,12.0,,,,,,,,,,,,,,,,,,,,,,,,28.5,26.5,,25.5,21.0,4.5,,,,,,,,,,,7.46
ButkHa99,Harrison Butker,KC,pk,@ 10:11 PM EDT,28,12.0,,,,,,,,,,,,,,,,,,,,,,,,41.0,38.0,,22.0,17.0,5.0,,,,,,,,,,,7.42
MoorSk00,Skyy Moore,KC,wr,@ 10:11 PM EDT,23,12.0,,,,,,,,,,,,5.8,1.3,0.0,31.0,19.6,33.0,2.0,404.0,,,,,,,,,,,,,,,,,,,,,7.39
GainKe00,Kenneth Gainwell,PHI,rb,@ 10:11 PM EDT,24,11.3,,,,,,,,,,,,85.7,18.1,3.2,372.3,7.1,17.2,0.8,111.0,,,,,,,,,,,,,,,,,,,,,7.78
ElliJa98,Jake Elliott,PHI,pk,@ 10:11 PM EDT,28,12.0,,,,,,,,,,,,,,,,,,,,,,,,42.0,40.0,,19.5,16.0,3.5,,,,,,,,,,,7.33
SandJa44,Jason Sanders,MIA,pk,@ 10:11 PM EDT,27,12.0,,,,,,,,,,,,,,,,,,,,,,,,39.0,37.0,,21.0,17.0,4.0,,,,,,,,,,,7.33
OsboKJ00,K.J. Osborn,MIN,wr,@ 10:11 PM EDT,26,12.0,,,,,,,,,,,,1.5,0.4,,9.3,18.3,30.1,3.2,374.7,,,,,,,,,,,,,,,,,,,,,7.33
McMaBr44,Brandon McManus,JAX,pk,@ 10:11 PM EDT,32,12.0,,,,,,,,,,,,,,,,,,,,,,,,29.5,27.5,,24.5,20.0,4.5,,,,,,,,,,,7.29
GrupBl00,Blake Grupe,NO,pk,@ 10:11 PM EDT,24,12.0,,,,,,,,,,,,,,,,,,,,,,,,20.0,27.0,,24.5,20.0,4.5,,,,,,,,,,,7.25
PittKy00,Kyle Pitts,ATL,te,@ 10:11 PM EDT,23,12.0,,,,,,,,,,,,1.8,0.5,0.1,11.3,19.4,32.4,2.2,399.7,,,,,,,,,,,,,,,,,,,,,7.25
MusgLu00,Luke Musgrave,GB,te,@ 10:11 PM EDT,23,12.0,,,,,,,,,,,,,,,,18.9,34.4,2.7,356.7,,,,,,,,,,,,,,,,,,,,,7.19
JoseGr44,Greg Joseph,MIN,pk,@ 10:11 PM EDT,29,12.0,,,,,,,,,,,,,,,,,,,,,,,,30.0,27.5,,23.5,19.5,4.0,,,,,,,,,,,7.17
ParkDe01,DeVante Parker,NE,wr,@ 10:11 PM EDT,30,12.0,,,,,,,,,,,,,,,,20.0,31.9,1.8,432.7,,,,,,,,,,,,,,,,,,,,,7.16
FreiPa00,Pat Freiermuth,PIT,te,@ 10:11 PM EDT,25,11.3,,,,,,,,,,,,,,,,18.8,34.1,2.7,357.3,,,,,,,,,,,,,,,,,,,,,7.58
ThomLo01,Logan Thomas,WAS,te,@ 10:11 PM EDT,32,11.5,,,,,,,,,,,,,,,,18.7,35.8,2.8,334.0,,,,,,,,,,,,,,,,,,,,,7.48
WillJa09,Jameson Williams,DET,wr,@ 10:11 PM EDT,22,11.5,,,,,,,,,,,,3.2,0.9,0.0,22.0,18.0,26.0,2.7,409.3,,,,,,,,,,,,,,,,,,,,,7.47
McPhEv44,Evan McPherson,CIN,pk,@ 10:11 PM EDT,24,12.0,,,,,,,,,,,,,,,,,,,,,,,,28.6,27.0,,24.0,19.5,4.5,,,,,,,,,,,7.13
OttoCa00,Cade Otton,TB,te,@ 10:11 PM EDT,24,12.7,,,,,,,,,,,,,,,,18.4,34.6,2.8,336.3,,,,,,,,,,,,,,,,,,,,,6.72
FolkNi44,Nick Folk,TEN,pk,@ 10:11 PM EDT,39,12.0,,,,,,,,,,,,,,,,,,,,,,,,27.0,25.0,,25.0,20.0,5.0,,,,,,,,,,,7.08
GibsAn00,Antonio Gibson,WAS,rb,@ 10:11 PM EDT,25,11.7,,,,,,,,,,,,33.2,6.5,1.1,134.7,15.6,33.0,1.1,264.3,0.1,165.8,,,,,,,,,,,,,,,,,,,7.28
SchuDa00,Dalton Schultz,HOU,te,@ 10:11 PM EDT,27,12.0,,,,,,,,,,,,,,,,18.0,33.5,3.0,328.3,,,,,,,,,,,,,,,,,,,,,7.05
RylaCh00,Chad Ryland,NE,pk,@ 10:11 PM EDT,24,12.0,,,,,,,,,,,,,,,,,,,,,,,,23.5,21.7,,26.3,20.8,5.5,,,,,,,,,,,7.01
GallMi00,Michael Gallup,DAL,wr,@ 10:11 PM EDT,27,12.0,,,,,,,,,,,,,,,,18.8,31.7,2.3,383.7,,,,,,,,,,,,,,,,,,,,,7
MoonDa00,Darnell Mooney,CHI,wr,@ 10:11 PM EDT,26,12.0,,,,,,,,,,,,,,,,18.7,30.8,2.4,388.0,,,,,,,,,,,,,,,,,,,,,7
CarlAn44,Anders Carlson,GB,pk,@ 10:11 PM EDT,25,12.0,,,,,,,,,,,,,,,,,,,,,,,,25.0,22.5,,25.5,20.5,5.0,,,,,,,,,,,7
HuntKa00,Kareem Hunt,CLE,rb,@ 10:11 PM EDT,28,12.3,,,,,,,,,,,,85.8,17.2,2.7,360.3,7.0,16.2,0.7,119.0,,,,,,,,,,,,,,,,,,,,,6.79
KnoxDa00,Dawson Knox,BUF,te,@ 10:11 PM EDT,26,11.9,,,,,,,,,,,,,,,,17.3,31.4,3.4,320.7,,,,,,,,,,,,,,,,,,,,,7.05
CharZa00,Zach Charbonnet,SEA,rb,@ 10:11 PM EDT,22,12.3,,,,,,,,,,,,72.5,16.1,2.5,340.7,7.9,18.1,0.7,132.0,,,,,,,,,,,,,,,,,,,,,6.78
GanoGr44,Graham Gano,NYG,pk,@ 10:11 PM EDT,36,12.0,,,,,,,,,,,,,,,,,,,,,,,,23.4,22.0,,25.5,20.5,5.0,,,,,,,,,,,6.96
PineEd44,Eddy Pi√±eiro,CAR,pk,@ 10:11 PM EDT,28,12.0,,,,,,,,,,,,,,,,,,,,,,,,22.5,20.5,,26.0,21.0,5.0,,,,,,,,,,,6.96
CarlDa44,Daniel Carlson,LV,pk,@ 10:11 PM EDT,28,12.0,,,,,,,,,,,,,,,,,,,,,,,,25.0,23.0,,25.0,20.0,5.0,,,,,,,,,,,6.92
JohnJu00,Juwan Johnson,NO,te,@ 10:11 PM EDT,27,12.0,,,,,,,,,,,,,,,,18.0,31.3,2.7,356.0,,,,,,,,,,,,,,,,,,,,,6.91
ClarDJ00,D.J. Chark Jr,CAR,wr,@ 10:11 PM EDT,27,12.0,,,,,,,,,,,,,,,,18.6,27.6,2.1,421.0,,,,,,,,,,,,,,,,,,,,,6.85
KooxYo99,Younghoe Koo,ATL,pk,@ 10:11 PM EDT,29,12.0,,,,,,,,,,,,,,,,,,,,,,,,23.2,21.2,,24.0,20.3,3.7,,,,,,,,,,,6.84
CookDa00,Dalvin Cook,NYJ,rb,@ 10:11 PM EDT,28,11.7,,,,,,,,,,,,86.9,15.6,1.9,341.0,8.4,19.9,0.7,132.3,,,,,,,,,,,,,,,,,,,,,7.03
HubbCh00,Chuba Hubbard,CAR,rb,@ 10:11 PM EDT,24,11.7,,,,,,,,,,,,77.1,14.7,1.8,322.0,9.2,21.2,0.6,150.7,,,,,,,,,,,,,,,,,,,,,7
PratMa44,Matt Prater,ARI,pk,@ 10:11 PM EDT,39,12.0,,,,,,,,,,,,,,,,,,,,,,,,25.0,23.0,,23.5,19.5,4.0,,,,,,,,,,,6.79
EverGe00,Gerald Everett,LAC,te,@ 10:11 PM EDT,29,12.7,,,,,,,,,,,,,,,,17.5,32.6,2.6,326.3,,,,,,,,,,,,,,,,,,,,,6.37
BoswCh44,Chris Boswell,PIT,pk,@ 10:11 PM EDT,32,12.0,,,,,,,,,,,,,,,,,,,,,,,,22.5,21.1,,22.2,19.5,2.7,,,,,,,,,,,6.63
MingJo00,Jonathan Mingo,CAR,wr,@ 10:11 PM EDT,22,12.0,,,,,,,,,,,,0.7,0.1,,3.3,17.9,31.3,1.9,360.3,,,,,,,,,,,,,,,,,,,,,6.58
ToneKa00,Kadarius Toney,KC,wr,@ 10:11 PM EDT,24,12.0,,,,,,,,,,,,7.3,2.0,0.4,39.0,16.2,28.4,2.0,323.7,,,,,,,,,,,,,,,,,,,,,6.57
MaheBr44,Brett Maher,FA,pk,@ 10:11 PM EDT,33,12.0,,,,,,,,,,,,,,,,,,,,,,,,25.5,23.6,,21.1,18.4,2.7,,,,,,,,,,,6.57
ZuerGr44,Greg Zuerlein,NYJ,pk,@ 10:11 PM EDT,35,12.0,,,,,,,,,,,,,,,,,,,,,,,,28.2,26.0,,22.0,17.6,4.4,,,,,,,,,,,6.57
ConkTy00,Tyler Conklin,NYJ,te,@ 10:11 PM EDT,28,12.0,,,,,,,,,,,,,,,,18.5,34.9,1.4,350.3,,,,,,,,,,,,,,,,,,,,,6.55
SantCa44,Cairo Santos,CHI,pk,@ 10:11 PM EDT,31,12.0,,,,,,,,,,,,,,,,,,,,,,,,27.5,25.5,,19.8,17.6,2.2,,,,,,,,,,,6.53
SlyeJo44,Joey Slye,WAS,pk,@ 10:11 PM EDT,27,12.0,,,,,,,,,,,,,,,,,,,,,,,,24.0,21.1,,21.5,19.0,2.5,,,,,,,,,,,6.51
FairKa99,Ka&apos;imi Fairbairn,HOU,pk,@ 10:11 PM EDT,29,12.0,,,,,,,,,,,,,,,,,,,,,,,,24.5,22.5,,23.0,18.5,4.5,,,,,,,,,,,6.5
McLaCh44,Chase McLaughlin,TB,pk,@ 10:11 PM EDT,27,13.0,,,,,,,,,,,,,,,,,,,,,,,,22.2,20.6,,22.9,19.1,3.8,,,,,,,,,,,5.99
BerrBr00,Braxton Berrios,MIA,wr,@ 10:11 PM EDT,28,12.0,,,,,,,,,,,,2.7,0.5,,13.3,16.2,30.1,2.5,302.7,,,0.1,110.0,,,,,,,,,,,,,,,,,6.38
ReynJo00,Josh Reynolds,DET,wr,@ 10:11 PM EDT,28,12.0,,,,,,,,,,,,,,,,15.9,24.3,3.0,343.3,,,,,,,,,,,,,,,,,,,,,6.37
SmitJu00,JuJu Smith-Schuster,NE,wr,@ 10:11 PM EDT,26,10.9,,,,,,,,,,,,,,,,17.3,32.4,1.9,326.0,,,,,,,,,,,,,,,,,,,,,7.03
SmitIr01,Irv Smith Jr.,CIN,te,@ 10:11 PM EDT,25,12.0,,,,,,,,,,,,,,,,16.5,32.8,2.5,288.3,,,,,,,,,,,,,,,,,,,,,6.37
MurrLa00,Latavius Murray,BUF,rb,@ 10:11 PM EDT,33,11.7,,,,,,,,,,,,56.4,12.8,3.7,224.3,6.7,15.6,0.7,113.3,,,,,,,,,,,,,,,,,,,,,6.48
OkonCh00,Chigoziem Okonkwo,TEN,te,@ 10:11 PM EDT,24,12.0,,,,,,,,,,,,1.3,0.1,,3.3,17.1,31.1,1.8,335.0,,,,,,,,,,,,,,,,,,,,,6.3
LutzWi44,Wil Lutz,DEN,pk,@ 10:11 PM EDT,29,12.0,,,,,,,,,,,,,,,,,,,,,,,,22.5,20.9,,22.2,18.0,4.2,,,,,,,,,,,6.24
PeopDo00,Donovan Peoples-Jones,CLE,wr,@ 10:11 PM EDT,24,12.7,,,,,,,,,,,,0.7,0.1,,3.3,16.0,24.4,2.1,357.0,,,0.1,118.2,,,,,,,,,,,,,,,,,5.76
FantNo00,Noah Fant,SEA,te,@ 10:11 PM EDT,25,12.7,,,,,,,,,,,,,,,,16.8,30.9,1.2,330.7,,,,,,,,,,,,,,,,,,,,,5.63
MarsTe00,Terrace Marshall Jr,CAR,wr,@ 10:11 PM EDT,23,12.0,,,,,,,,,,,,1.0,0.3,,7.0,16.7,30.1,1.1,335.3,,,,,,,,,,,,,,,,,,,,,5.92
HillJu00,Justice Hill,BAL,rb,@ 10:11 PM EDT,25,11.7,,,,,,,,,,,,83.9,16.9,2.5,358.7,4.2,11.1,0.5,70.3,,,,,,,,,,,,,,,,,,,,,6.07
DougDe00,Demario Douglas,NE,wr,@ 10:11 PM EDT,22,11.5,,,,,,,,,,,,3.7,0.7,0.0,17.0,15.7,29.3,1.5,303.3,,,,,,,,,,,,,,,,,,,,,6.1
HursHa00,Hayden Hurst,CAR,te,@ 10:11 PM EDT,30,12.0,,,,,,,,,,,,,,,,15.2,29.3,2.2,277.0,,,,,,,,,,,,,,,,,,,,,5.84
BeckOd01,Odell Beckham Jr,BAL,wr,@ 10:11 PM EDT,30,12.0,,,,,,,,,,,,,,,,15.3,24.4,2.0,331.0,,,,,,,,,,,,,,,,,,,,,5.79
HollMa00,Mack Hollins,ATL,wr,@ 10:11 PM EDT,30,12.0,,,,,,,,,,,,,,,,15.6,24.1,1.8,346.7,,,,,,,,,,,,,,,,,,,,,5.78
AkerCa00,Cam Akers,MIN,rb,@ 10:11 PM EDT,24,11.7,,,,,,,,,,,,79.0,14.8,2.2,313.7,5.2,13.3,0.3,83.3,,,,,,,,,,,,,,,,,,,,,5.78
SmitJo02,Jonnu Smith,ATL,te,@ 10:11 PM EDT,28,12.0,,,,,,,,,,,,,,,,15.3,29.0,1.3,293.3,,,,,,,,,,,,,,,,,,,,,5.52
HyatJa00,Jalin Hyatt,NYG,wr,@ 10:11 PM EDT,22,11.5,,,,,,,,,,,,,,,,14.9,22.8,1.7,334.7,,,,,,,,,,,,,,,,,,,,,5.78
BateRa00,Rashod Bateman,BAL,wr,@ 10:11 PM EDT,23,12.0,,,,,,,,,,,,,,,,14.5,24.3,1.7,306.7,,,,,,,,,,,,,,,,,,,,,5.42
PalmTr00,Trey Palmer,TB,wr,@ 10:11 PM EDT,22,12.7,,,,,,,,,,,,1.8,0.3,0.0,7.0,14.0,24.6,1.8,284.3,,,,,,,,,,,,,,,,,,,,,5.11
SlayDa00,Darius Slayton,NYG,wr,@ 10:11 PM EDT,26,11.5,,,,,,,,,,,,,,,,14.9,24.2,1.3,326.0,,,,,,,,,,,,,,,,,,,,,5.61
GranKy00,Kylen Granson,IND,te,@ 10:11 PM EDT,25,12.0,,,,,,,,,,,,,,,,13.7,25.5,2.1,261.3,,,,,,,,,,,,,,,,,,,,,5.34
PierAl00,Alec Pierce,IND,wr,@ 10:11 PM EDT,23,12.0,,,,,,,,,,,,0.7,0.1,,3.3,14.1,20.6,1.7,328.0,,,,,,,,,,,,,,,,,,,,,5.33
SmytDu00,Durham Smythe,MIA,te,@ 10:11 PM EDT,28,12.0,,,,,,,,,,,,,,,,13.3,25.0,2.3,250.0,,,,,,,,,,,,,,,,,,,,,5.32
KellJo01,Joshua Kelley,LAC,rb,@ 10:11 PM EDT,25,12.3,,,,,,,,,,,,82.3,14.6,2.1,310.3,4.7,12.1,0.1,80.3,0.0,24.1,,,,,,,,,,,,,,,,,,,5.15
MossZa00,Zack Moss,IND,rb,@ 10:11 PM EDT,25,11.7,,,,,,,,,,,,69.8,14.3,2.3,298.0,3.5,8.7,0.5,67.7,,,,,,,,,,,,,,,,,,,,,5.3
HarrDe02,Deonte Harty,BUF,wr,@ 10:11 PM EDT,25,12.0,,,,,,,,,,,,4.9,1.6,0.4,29.0,12.4,21.8,1.6,252.3,0.1,187.8,0.2,138.1,,,,,,,,,,,,,,,,,5.13
McLaJa00,Jaleel McLaughlin,DEN,rb,@ 10:11 PM EDT,23,11.7,,,,,,,,,,,,65.2,13.4,1.7,292.0,4.4,10.4,0.7,82.7,,,,,,,,,,,,,,,,,,,,,5.26
HodgIs00,Isaiah Hodgins,NYG,wr,@ 10:11 PM EDT,25,12.0,,,,,,,,,,,,,,,,13.4,25.2,1.7,257.0,,,,,,,,,,,,,,,,,,,,,5.1
ParhDo00,Donald Parham Jr,LAC,te,@ 10:11 PM EDT,26,12.7,,,,,,,,,,,,,,,,12.3,22.8,2.6,229.3,,,,,,,,,,,,,,,,,,,,,4.82
GesiMi00,Mike Gesicki,NE,te,@ 10:11 PM EDT,28,12.0,,,,,,,,,,,,,,,,13.4,23.9,1.7,269.0,,,,,,,,,,,,,,,,,,,,,5.07
RobiAl02,Allen Robinson II,PIT,wr,@ 10:11 PM EDT,30,12.0,,,,,,,,,,,,,,,,13.3,24.7,1.7,259.3,,,,,,,,,,,,,,,,,,,,,5.05
JennJa00,Jauan Jennings,SF,wr,@ 10:11 PM EDT,26,11.8,,,,,,,,,,,,,,,,12.7,21.3,1.7,271.0,,,,,,,,,,,,,,,,,,,,,4.95
MoorRo03,Rondale Moore,ARI,wr,@ 10:11 PM EDT,23,12.0,,,,,,,,,,,,7.6,1.9,0.1,46.0,12.1,24.2,1.0,225.0,,,0.0,19.6,,,,,,,,,,,,,,,,,4.83
AustCa00,Calvin Austin III,PIT,wr,@ 10:11 PM EDT,24,12.0,,,,,,,,,,,,4.0,0.8,,20.0,12.4,22.1,1.3,253.0,0.0,39.6,0.1,78.3,,,,,,,,,,,,,,,,,4.78
TuckSe00,Sean Tucker,TB,rb,@ 10:11 PM EDT,22,12.3,,,,,,,,,,,,59.2,10.3,1.1,229.0,6.1,14.4,0.6,105.0,,,,,,,,,,,,,,,,,,,,,4.61
RaymKa00,Kalif Raymond,DET,wr,@ 10:11 PM EDT,29,12.0,,,,,,,,,,,,4.6,1.2,0.2,25.3,11.7,19.9,1.1,253.7,0.0,25.9,0.1,119.0,,,,,,,,,,,,,,,,,4.64
SingDe00,Devin Singletary,HOU,rb,@ 10:11 PM EDT,26,11.7,,,,,,,,,,,,72.6,12.9,1.2,292.3,4.3,10.8,0.2,77.3,0.0,90.7,,,,,,,,,,,,,,,,,,,4.75
CampPa00,Parris Campbell,NYG,wr,@ 10:11 PM EDT,26,12.0,,,,,,,,,,,,1.3,0.3,,6.7,12.5,24.7,1.0,235.0,,,,,,,,,,,,,,,,,,,,,4.57
MillKe00,Kendre Miller,NO,rb,@ 10:11 PM EDT,21,11.7,,,,,,,,,,,,59.3,11.7,2.1,238.0,4.1,10.8,0.1,73.0,,,,,,,,,,,,,,,,,,,,,4.65
ValdMa00,Marquez Valdes-Scantling,KC,wr,@ 10:11 PM EDT,29,12.0,,,,,,,,,,,,,,,,12.0,17.3,1.4,284.7,,,,,,,,,,,,,,,,,,,,,4.5
AghoNe00,Nelson Agholor,BAL,wr,@ 10:11 PM EDT,30,12.0,,,,,,,,,,,,,,,,11.4,20.1,1.6,234.3,,,,,,,,,,,,,,,,,,,,,4.43
VaugDe00,Deuce Vaughn,DAL,rb,@ 10:11 PM EDT,21,11.7,,,,,,,,,,,,48.2,9.3,1.1,205.0,5.5,12.8,0.6,99.0,,,,,,,,,,,,,,,,,,,,,4.52
DulcGr00,Greg Dulcich,DEN,te,@ 10:11 PM EDT,23,11.3,,,,,,,,,,,,,,,,10.9,19.2,1.9,222.7,,,,,,,,,,,,,,,,,,,,,4.65
DowdDa00,Rico Dowdle,DAL,rb,@ 10:11 PM EDT,25,11.7,,,,,,,,,,,,59.8,11.0,1.8,228.7,4.0,10.7,0.1,69.3,,,,,,,,,,,,,,,,,,,,,4.44
HillTa00,Taysom Hill,NO,te,@ 10:11 PM EDT,33,12.0,,14.1,9.5,5.1,0.4,0.7,0.5,104.0,7.4,,,39.7,9.0,1.9,175.3,3.4,8.0,0.4,72.3,,,,,,,,,,,,,,,,,,,,,4.29
BoutKa00,Kayshon Boutte,NE,wr,@ 10:11 PM EDT,21,9.5,,,,,,,,,,,,,,,,11.4,20.0,1.3,236.7,,,,,,,,,,,,,,,,,,,,,5.4
BigsTa00,Tank Bigsby,JAX,rb,@ 10:11 PM EDT,22,11.7,,,,,,,,,,,,53.9,11.2,2.4,218.3,3.2,8.6,0.1,60.0,,,,,,,,,,,,,,,,,,,,,4.36
HarrDa01,Damien Harris,BUF,rb,@ 10:11 PM EDT,26,11.7,,,,,,,,,,,,51.7,11.9,2.8,225.3,1.9,5.5,0.3,40.0,0.0,89.1,,,,,,,,,,,,,,,,,,,4.28
DobbJo00,Joshua Dobbs,ARI,qb,@ 10:11 PM EDT,28,6.9,,98.6,66.6,35.8,1.8,4.0,3.4,659.7,6.7,,,22.7,4.7,0.7,99.3,,,,,,,,,,,,,,,,,,,,,,,,,7.18
EdwaCl00,Clyde Edwards-Helaire,KC,rb,@ 10:11 PM EDT,24,11.7,,,,,,,,,,,,57.4,10.9,1.8,227.7,3.4,8.8,0.2,66.3,,,,,,,,,,,,,,,,,,,,,4.25
BreiMa00,Matt Breida,NYG,rb,@ 10:11 PM EDT,28,11.7,,,,,,,,,,,,46.5,8.8,1.2,188.0,5.3,12.8,0.2,96.7,,,,,,,,,,,,,,,,,,,,,4.24
ThomDe04,Deven Thompkins,TB,wr,@ 10:11 PM EDT,23,12.7,,,,,,,,,,,,0.7,0.1,,3.3,10.9,19.9,1.2,221.3,0.1,144.8,0.1,121.5,,,,,,,,,,,,,,,,,3.9
StroPi00,Pierre Strong Jr,CLE,rb,@ 10:11 PM EDT,24,12.3,,,,,,,,,,,,54.3,12.2,1.9,256.3,2.1,5.8,0.1,46.7,,,,,,,,,,,,,,,,,,,,,3.87
WillJa05,Jamaal Williams,NO,rb,@ 10:11 PM EDT,28,10.4,,,,,,,,,,,,56.8,11.7,3.0,217.0,1.2,4.6,0.1,27.3,,,,,,,,,,,,,,,,,,,,,4.55
MitcEl00,Elijah Mitchell,SF,rb,@ 10:11 PM EDT,25,11.5,,,,,,,,,,,,51.4,10.8,1.5,231.7,3.0,8.0,0.2,57.7,,,,,,,,,,,,,,,,,,,,,4.08
MayeMi00,Michael Mayer,LV,te,@ 10:11 PM EDT,22,12.0,,,,,,,,,,,,,,,,9.7,18.4,1.6,189.0,,,,,,,,,,,,,,,,,,,,,3.89
GrayNo00,Noah Gray,KC,te,@ 10:11 PM EDT,24,12.0,,,,,,,,,,,,,,,,9.5,16.6,1.7,197.7,,,,,,,,,,,,,,,,,,,,,3.88
WatsJu01,Justin Watson,KC,wr,@ 10:11 PM EDT,28,12.0,,,,,,,,,,,,,,,,10.5,15.0,1.0,257.7,,,,,,,,,,,,,,,,,,,,,3.88
MetcJo00,John Metchie III,HOU,wr,@ 10:11 PM EDT,23,12.0,,,,,,,,,,,,,,,,10.2,17.3,0.9,225.7,,,,,,,,,,,,,,,,,,,,,3.78
ParkCo00,Colby Parkinson,SEA,te,@ 10:11 PM EDT,24,12.7,,,,,,,,,,,,,,,,9.6,17.7,1.1,197.7,,,,,,,,,,,,,,,,,,,,,3.46
JeffVa00,Van Jefferson,ATL,wr,@ 10:11 PM EDT,27,12.0,,,,,,,,,,,,1.0,0.3,0.0,7.3,9.4,15.3,1.0,214.3,,,,,,,,,,,,,,,,,,,,,3.65
ShenLa00,Laviska Shenault Jr,CAR,wr,@ 10:11 PM EDT,25,12.0,,,,,,,,,,,,17.3,4.1,0.7,83.3,6.4,13.2,0.8,126.3,0.0,25.6,,,,,,,,,,,,,,,,,,,3.61
RenfHu00,Hunter Renfrow,LV,wr,@ 10:11 PM EDT,27,12.0,,,,,,,,,,,,0.7,0.1,,3.3,9.4,17.5,1.1,190.3,,,0.0,37.9,,,,,,,,,,,,,,,,,3.61
WilsJe01,Jeff Wilson Jr.,MIA,rb,@ 10:11 PM EDT,27,11.5,,,,,,,,,,,,46.1,9.7,1.7,198.0,2.0,5.3,0.6,42.3,,,,,,,,,,,,,,,,,,,,,3.77
McBrTr01,Trey McBride,ARI,te,@ 10:11 PM EDT,23,12.0,,,,,,,,,,,,,,,,9.2,18.4,1.1,175.3,,,,,,,,,,,,,,,,,,,,,3.53
TrauAd00,Adam Trautman,DEN,te,@ 10:11 PM EDT,26,12.0,,,,,,,,,,,,,,,,8.7,16.7,1.4,168.0,,,,,,,,,,,,,,,,,,,,,3.51
JohnBr03,Brandon Johnson,DEN,wr,@ 10:11 PM EDT,25,12.0,,,,,,,,,,,,,,,,8.5,15.8,1.4,170.7,,,,,,,,,,,,,,,,,,,,,3.43
WestNi00,Nick Westbrook-Ikhine,TEN,wr,@ 10:11 PM EDT,26,12.0,,,,,,,,,,,,,,,,8.7,14.7,1.1,194.7,,,,,,,,,,,,,,,,,,,,,3.38
OlivJo00,Josh Oliver,MIN,te,@ 10:11 PM EDT,26,12.0,,,,,,,,,,,,,,,,7.3,15.6,1.9,126.3,,,,,,,,,,,,,,,,,,,,,3.3
WatkQu00,Quez Watkins,PHI,wr,@ 10:11 PM EDT,25,12.0,,,,,,,,,,,,0.7,0.1,,3.3,8.1,14.9,1.1,170.3,,,,,,,,,,,,,,,,,,,,,3.22
DissWi00,Will Dissly,SEA,te,@ 10:11 PM EDT,27,12.7,,,,,,,,,,,,,,,,8.1,15.8,0.9,161.3,,,,,,,,,,,,,,,,,,,,,2.96
LikeIs00,Isaiah Likely,BAL,te,@ 10:11 PM EDT,23,12.0,,,,,,,,,,,,,,,,7.5,14.2,1.2,152.3,,,,,,,,,,,,,,,,,,,,,3.05
ScotTy00,Tyler Scott,CHI,wr,@ 10:11 PM EDT,22,12.0,,,,,,,,,,,,3.3,0.7,,16.7,7.2,12.9,1.1,154.7,0.1,250.7,,,,,,,,,,,,,,,,,,,3.05
BrowDy00,Dyami Brown,WAS,wr,@ 10:11 PM EDT,23,12.0,,,,,,,,,,,,,,,,7.5,12.4,0.8,175.7,,,,,,,,,,,,,,,,,,,,,2.9
BryaHa00,Harrison Bryant,CLE,te,@ 10:11 PM EDT,25,12.7,,,,,,,,,,,,2.6,0.6,0.1,12.0,6.5,13.1,1.2,127.0,,,,,,,,,,,,,,,,,,,,,2.72
TurnCo00,Cole Turner,WAS,te,@ 10:11 PM EDT,23,12.0,,,,,,,,,,,,,,,,7.4,15.0,0.7,147.7,,,,,,,,,,,,,,,,,,,,,2.82
JordBr00,Brevin Jordan,HOU,te,@ 10:11 PM EDT,23,12.0,,,,,,,,,,,,,,,,7.0,14.4,1.0,135.7,,,,,,,,,,,,,,,,,,,,,2.81
SchoLu00,Luke Schoonmaker,DAL,te,@ 10:11 PM EDT,25,11.9,,,,,,,,,,,,,,,,6.6,13.5,1.3,126.0,,,,,,,,,,,,,,,,,,,,,2.83
TolbJa00,Jalen Tolbert,DAL,wr,@ 10:11 PM EDT,24,12.0,,,,,,,,,,,,,,,,7.2,13.7,0.8,151.0,,,,,,,,,,,,,,,,,,,,,2.8
CobbRa00,Randall Cobb,NYJ,wr,@ 10:11 PM EDT,33,12.0,,,,,,,,,,,,,,,,6.8,12.9,1.1,141.0,,,,,,,,,,,,,,,,,,,,,2.8
WoodJe02,Jelani Woods,IND,te,@ 10:11 PM EDT,25,11.9,,,,,,,,,,,,,,,,6.7,11.8,1.1,148.3,,,,,,,,,,,,,,,,,,,,,2.81
HoopAu00,Austin Hooper,LV,te,@ 10:11 PM EDT,29,12.0,,,,,,,,,,,,,,,,6.8,13.2,1.0,139.3,,,,,,,,,,,,,,,,,,,,,2.76
ForeDO00,D&apos;Onta Foreman,CHI,rb,@ 10:11 PM EDT,27,7.8,,,,,,,,,,,,35.9,7.4,1.2,156.0,1.8,5.2,0.2,42.0,,,,,,,,,,,,,,,,,,,,,4.23
CartMi01,Michael Carter,NYJ,rb,@ 10:11 PM EDT,24,11.7,,,,,,,,,,,,18.4,3.1,0.2,72.7,5.6,13.6,0.2,98.3,,,,,,,,,,,,,,,,,,,,,2.81
PhilKy00,Kyle Philips,TEN,wr,@ 10:11 PM EDT,24,11.9,,,,,,,,,,,,,,,,7.1,14.7,0.6,140.3,0.0,94.0,0.1,54.4,,,,,,,,,,,,,,,,,2.74
JuszKy00,Kyle Juszczyk,SF,rb,@ 10:11 PM EDT,32,11.7,,,,,,,,,,,,8.5,2.1,0.9,30.7,4.4,9.3,0.8,92.3,,,,,,,,,,,,,,,,,,,,,2.72
PattCo00,Cordarrelle Patterson,ATL,rb,@ 10:11 PM EDT,32,11.0,,,,,,,,,,,,23.6,5.0,0.9,101.0,3.3,8.2,0.2,67.0,0.1,142.0,,,,,,,,,,,,,,,,,,,2.86
WashDa02,Darnell Washington,PIT,te,@ 10:11 PM EDT,22,12.0,,,,,,,,,,,,,,,,6.1,12.5,0.9,121.0,,,,,,,,,,,,,,,,,,,,,2.5
RossJu00,Justyn Ross,KC,wr,@ 10:11 PM EDT,23,11.5,,,,,,,,,,,,,,,,6.2,10.0,0.8,150.3,,,,,,,,,,,,,,,,,,,,,2.57
RiveRo01,Ronnie Rivers,LAR,rb,@ 10:11 PM EDT,24,11.7,,,,,,,,,,,,37.0,6.5,0.6,146.3,2.1,6.6,0.1,38.7,,,,,,,,,,,,,,,,,,,,,2.52
BateJo00,John Bates,WAS,te,@ 10:11 PM EDT,25,12.0,,,,,,,,,,,,,,,,6.4,13.4,0.5,126.0,,,,,,,,,,,,,,,,,,,,,2.4
EvanCh02,Chris Evans,CIN,rb,@ 10:11 PM EDT,26,11.7,,,,,,,,,,,,13.3,2.7,0.4,56.3,4.1,9.5,0.5,79.0,0.1,162.5,,,,,,,,,,,,,,,,,,,2.45
SiemTr00,Trevor Siemian,NYJ,qb,@ 10:11 PM EDT,31,4.7,,81.3,48.0,28.4,2.3,6.7,3.0,516.7,6.4,,,4.0,0.4,,10.0,,,,,,,,,,,,,,,,,,,,,,,,,6.07
AlieMo00,Mo Alie-Cox,IND,te,@ 10:11 PM EDT,30,12.0,,,,,,,,,,,,,,,,5.6,9.9,0.9,127.7,,,,,,,,,,,,,,,,,,,,,2.35
DemeEm00,Emari Demercado,ARI,rb,@ 10:11 PM EDT,24,11.7,,,,,,,,,,,,24.2,4.0,0.5,85.3,3.4,9.0,0.2,61.7,,,,,,,,,,,,,,,,,,,,,2.39
ChanTy00,Ty Chandler,MIN,rb,@ 10:11 PM EDT,25,11.7,,,,,,,,,,,,25.4,4.4,0.5,98.0,2.8,8.3,0.2,49.0,,,,,,,,,,,,,,,,,,,,,2.34
TillCe00,Cedric Tillman,CLE,wr,@ 10:11 PM EDT,23,12.7,,,,,,,,,,,,,,,,5.8,10.4,0.6,131.7,,,,,,,,,,,,,,,,,,,,,2.15
IngrKe00,Keaontay Ingram,ARI,rb,@ 10:11 PM EDT,24,11.4,,,,,,,,,,,,44.1,6.7,0.8,148.0,1.2,4.6,0.1,27.7,,,,,,,,,,,,,,,,,,,,,2.37
WhitZa00,Zamir White,LV,rb,@ 10:11 PM EDT,24,11.7,,,,,,,,,,,,34.3,6.7,1.0,142.3,1.1,4.0,0.0,28.0,,,,,,,,,,,,,,,,,,,,,2.3
HardMe00,Mecole Hardman Jr.,KC,wr,@ 10:11 PM EDT,25,12.0,,,,,,,,,,,,0.7,0.1,,3.3,5.6,9.7,0.6,131.7,0.0,127.6,0.1,79.9,,,,,,,,,,,,,,,,,2.22
WickDo00,Dontayvion Wicks,GB,wr,@ 10:11 PM EDT,22,12.0,,,,,,,,,,,,,,,,5.2,9.5,0.9,119.0,,,,,,,,,,,,,,,,,,,,,2.22
SherTr00,Trent Sherfield,BUF,wr,@ 10:11 PM EDT,27,12.0,,,,,,,,,,,,,,,,6.0,11.7,0.3,132.3,,,,,,,,,,,,,,,,,,,,,2.22
TonyRo00,Robert Tonyan Jr,CHI,te,@ 10:11 PM EDT,29,12.0,,,,,,,,,,,,,,,,4.8,9.9,1.1,97.3,,,,,,,,,,,,,,,,,,,,,2.19
DaviDe01,Derius Davis,LAC,wr,@ 10:11 PM EDT,23,12.7,,,,,,,,,,,,,,,,5.1,9.7,0.9,113.3,0.0,120.6,0.1,105.3,,,,,,,,,,,,,,,,,2.07
JohnDe04,D&apos;Ernest Johnson,JAX,rb,@ 10:11 PM EDT,27,11.7,,,,,,,,,,,,25.5,5.5,0.9,115.3,1.6,5.2,0.1,33.7,,,,,,,,,,,,,,,,,,,,,2.2
PascZa00,Zach Pascal,ARI,wr,@ 10:11 PM EDT,28,12.0,,,,,,,,,,,,,,,,5.6,10.4,0.4,126.7,,,,,,,,,,,,,,,,,,,,,2.14
ZaccOl00,Olamide Zaccheaus,PHI,wr,@ 10:11 PM EDT,26,12.0,,,,,,,,,,,,,,,,5.0,9.6,0.8,109.7,,,,,,,,,,,,,,,,,,,,,2.13
HeinTa00,Taylor Heinicke,ATL,qb,@ 10:11 PM EDT,30,8.3,,52.0,32.9,18.9,1.8,3.3,2.5,352.0,6.8,,,7.6,1.5,0.5,24.3,,,,,,,,,,,,,,,,,,,,,,,,,3.01
MitcKe01,Keaton Mitchell,BAL,rb,@ 10:11 PM EDT,21,11.2,,,,,,,,,,,,24.5,5.0,0.6,110.3,1.9,5.7,0.1,40.3,,,,,,,,,,,,,,,,,,,,,2.21
BellRo01,Ronnie Bell,SF,wr,@ 10:11 PM EDT,23,12.0,,,,,,,,,,,,,,,,4.8,8.6,0.8,113.7,0.0,42.9,0.0,34.6,,,,,,,,,,,,,,,,,2.05
McKeIs00,Isaiah McKenzie,IND,wr,@ 10:11 PM EDT,28,12.0,,,,,,,,,,,,,,,,5.3,10.7,0.4,112.3,,,0.1,100.3,,,,,,,,,,,,,,,,,2.05
AbduAm00,Ameer Abdullah,LV,rb,@ 10:11 PM EDT,30,11.7,,,,,,,,,,,,6.1,1.0,0.1,24.0,4.3,10.1,0.6,80.3,,,,,,,,,,,,,,,,,,,,,2.09
BrowCh06,Chase Brown,CIN,rb,@ 10:11 PM EDT,23,11.7,,,,,,,,,,,,20.2,4.1,0.7,84.0,2.1,6.4,0.1,41.0,,,,,,,,,,,,,,,,,,,,,2.06
ScotBo02,Boston Scott,PHI,rb,@ 10:11 PM EDT,28,11.7,,,,,,,,,,,,24.0,5.4,1.2,104.0,1.0,4.0,0.0,24.3,0.0,121.3,,,,,,,,,,,,,,,,,,,2.05
TurpKa00,KaVontae Turpin,DAL,wr,@ 10:11 PM EDT,27,12.0,,,,,,,,,,,,10.3,3.4,0.4,75.0,2.4,5.2,0.4,62.0,0.0,126.9,0.2,140.2,,,,,,,,,,,,,,,,,1.97
AkinJo00,Jordan Akins,CLE,te,@ 10:11 PM EDT,31,12.7,,,,,,,,,,,,,,,,4.2,8.4,0.9,91.7,,,,,,,,,,,,,,,,,,,,,1.82
BellDa03,Daniel Bellinger,NYG,te,@ 10:11 PM EDT,23,12.0,,,,,,,,,,,,,,,,4.7,10.5,0.5,93.3,,,,,,,,,,,,,,,,,,,,,1.92
MoorCh00,Chris Moore,TEN,wr,@ 10:11 PM EDT,30,12.0,,,,,,,,,,,,,,,,5.1,9.7,0.2,120.3,,,,,,,,,,,,,,,,,,,,,1.9
WhylJo00,Josh Whyle,TEN,te,@ 10:11 PM EDT,24,12.0,,,,,,,,,,,,,,,,4.3,8.8,0.7,94.3,,,,,,,,,,,,,,,,,,,,,1.87
DallDe00,DeeJay Dallas,SEA,rb,@ 10:11 PM EDT,25,12.3,,,,,,,,,,,,16.7,2.9,0.3,63.7,2.9,7.8,0.2,57.3,0.0,26.3,0.0,14.6,,,,,,,,,,,,,,,,,1.81
ShakKh00,Khalil Shakir,BUF,wr,@ 10:11 PM EDT,23,12.0,,,,,,,,,,,,,,,,4.1,8.1,0.8,90.0,,,,,,,,,,,,,,,,,,,,,1.84
GordMe00,Melvin Gordon III,BAL,rb,@ 10:11 PM EDT,30,11.7,,,,,,,,,,,,19.0,4.0,0.9,76.7,1.4,4.6,0.1,34.3,,,,,,,,,,,,,,,,,,,,,1.84
EvanZa00,Zach Evans,LAR,rb,@ 10:11 PM EDT,22,9.3,,,,,,,,,,,,26.0,5.3,0.9,109.0,0.7,3.0,0.0,24.7,,,,,,,,,,,,,,,,,,,,,2.31
IngoAl00,Alec Ingold,MIA,rb,@ 10:11 PM EDT,27,11.7,,,,,,,,,,,,2.4,0.7,0.4,6.7,3.3,7.5,0.6,70.0,,,,,,,,,,,,,,,,,,,,,1.83
TrubMi00,Mitch Trubisky,PIT,qb,@ 10:11 PM EDT,29,7.0,,51.9,32.4,18.2,1.1,4.0,1.4,328.3,6.3,,,6.3,1.3,0.4,23.7,,,,,,,,,,,,,,,,,,,,,,,,,2.99
WillTr03,Trayveon Williams,CIN,rb,@ 10:11 PM EDT,26,11.7,,,,,,,,,,,,20.5,4.0,0.5,86.3,1.7,5.4,0.1,35.3,,,,,,,,,,,,,,,,,,,,,1.79
OgunDa00,Dare Ogunbowale,HOU,rb,@ 10:11 PM EDT,29,11.7,,,,,,,,,,,,9.5,1.6,0.2,34.3,3.1,8.4,0.2,58.3,,,,,,,,,,,,,,,,,,,,,1.73
OgleAn00,Drew Ogletree,IND,te,@ 10:11 PM EDT,25,12.0,,,,,,,,,,,,,,,,3.6,7.0,0.8,84.7,,,,,,,,,,,,,,,,,,,,,1.68
MoreFo00,Foster Moreau,NO,te,@ 10:11 PM EDT,26,12.0,,,,,,,,,,,,,,,,3.5,7.4,0.8,78.3,,,,,,,,,,,,,,,,,,,,,1.67
WilsCe01,Cedrick Wilson Jr.,MIA,wr,@ 10:11 PM EDT,27,12.0,,,,,,,,,,,,,,,,3.8,7.3,0.6,92.7,,,0.1,40.3,,,,,,,,,,,,,,,,,1.67
OConAi01,Aidan O'Connell,LV,qb,@ 10:11 PM EDT,25,7.6,,60.0,38.7,21.1,1.3,5.3,1.3,373.3,6.2,,,5.3,0.6,0.3,6.7,,,,,,,,,,,,,,,,,,,,,,,,,2.62
DaltAn00,Andy Dalton,CAR,qb,@ 10:11 PM EDT,36,8.0,,56.0,34.9,19.7,0.9,3.3,1.7,351.7,6.3,,,3.0,0.3,0.0,7.0,,,,,,,,,,,,,,,,,,,,,,,,,2.45
MasoJo00,Jordan Mason,SF,rb,@ 10:11 PM EDT,24,11.7,,,,,,,,,,,,25.9,5.2,0.8,111.3,0.2,1.9,0.0,17.0,,,,,,,,,,,,,,,,,,,,,1.67
ReynCr00,Craig Reynolds,DET,rb,@ 10:11 PM EDT,27,11.7,,,,,,,,,,,,19.0,4.1,0.8,82.0,1.0,3.7,0.0,29.0,,,,,,,,,,,,,,,,,,,,,1.67
IrwiTr00,Trenton Irwin,CIN,wr,@ 10:11 PM EDT,27,12.0,,,,,,,,,,,,,,,,3.8,7.4,0.5,92.3,,,,,,,,,,,,,,,,,,,,,1.62
SpilIs00,Isaiah Spiller,LAC,rb,@ 10:11 PM EDT,22,12.3,,,,,,,,,,,,25.4,4.2,0.5,91.7,1.0,4.1,0.0,25.3,,,,,,,,,,,,,,,,,,,,,1.53
CracRi00,River Cracraft,MIA,wr,@ 10:11 PM EDT,28,9.7,,,,,,,,,,,,,,,,3.3,6.4,0.7,79.7,,,,,,,,,,,,,,,,,,,,,1.94
StBrEq00,Equanimeous St. Brown,CHI,wr,@ 10:11 PM EDT,27,12.0,,,,,,,,,,,,,,,,3.8,6.9,0.4,96.7,,,,,,,,,,,,,,,,,,,,,1.56
HendPe00,Peyton Hendershot,DAL,te,@ 10:11 PM EDT,24,11.7,,,,,,,,,,,,,,,,3.9,8.9,0.2,83.3,,,,,,,,,,,,,,,,,,,,,1.59
BellDa01,David Bell,CLE,wr,@ 10:11 PM EDT,22,12.7,,,,,,,,,,,,,,,,3.7,7.9,0.4,82.7,,,,,,,,,,,,,,,,,,,,,1.47
HodgKh00,KhaDarel Hodge,ATL,wr,@ 10:11 PM EDT,28,12.0,,,,,,,,,,,,,,,,3.5,7.3,0.5,82.0,,,,,,,,,,,,,,,,,,,,,1.52
WrigBr00,Brock Wright,DET,te,@ 10:11 PM EDT,24,12.0,,,,,,,,,,,,,,,,2.9,6.5,0.9,63.3,,,,,,,,,,,,,,,,,,,,,1.5
TrasKy00,Kyle Trask,TB,qb,@ 10:11 PM EDT,25,7.7,,49.6,30.3,17.4,1.5,2.7,1.6,313.3,6.3,,,5.8,0.8,0.0,20.3,,,,,,,,,,,,,,,,,,,,,,,,,2.31
UzomCJ00,C.J. Uzomah,NYJ,te,@ 10:11 PM EDT,30,12.0,,,,,,,,,,,,,,,,3.6,8.1,0.2,78.0,,,,,,,,,,,,,,,,,,,,,1.44
BrigGa00,Gary Brightwell,NYG,rb,@ 10:11 PM EDT,24,11.7,,,,,,,,,,,,16.4,2.9,0.4,62.3,1.6,5.0,0.0,36.0,0.0,101.5,,,,,,,,,,,,,,,,,,,1.48
JarrRa00,Rakim Jarrett,TB,wr,@ 10:11 PM EDT,22,12.7,,,,,,,,,,,,1.1,0.2,0.0,3.7,3.5,7.7,0.1,81.0,,,,,,,,,,,,,,,,,,,,,1.35
HamxC.00,C.J. Ham,MIN,rb,@ 10:11 PM EDT,30,11.7,,,,,,,,,,,,2.2,0.6,0.4,6.3,2.4,6.8,0.5,43.3,,,,,,,,,,,,,,,,,,,,,1.45
IosiAn00,Andrei Iosivas,CIN,wr,@ 10:11 PM EDT,24,12.0,,,,,,,,,,,,0.7,0.1,,3.3,3.5,7.2,0.1,85.7,,,,,,,,,,,,,,,,,,,,,1.41
AgneJa00,Jamal Agnew,JAX,wr,@ 10:11 PM EDT,28,12.0,,,,,,,,,,,,4.9,1.2,0.0,29.3,2.7,6.5,0.2,62.0,0.1,152.4,0.2,124.6,,,,,,,,,,,,,,,,,1.4
HuntTy00,Tyler Huntley,BAL,qb,@ 10:11 PM EDT,25,7.5,,31.3,19.8,11.2,0.8,2.7,1.2,194.7,6.2,,,9.3,1.8,0.5,33.7,,,,,,,,,,,,,,,,,,,,,,,,,2.23
BoonMi00,Mike Boone,HOU,rb,@ 10:11 PM EDT,28,11.7,,,,,,,,,,,,12.1,2.2,0.1,53.0,2.0,6.0,0.2,40.0,,,,,,,,,,,,,,,,,,,,,1.43
GoodMa00,Marquise Goodwin,CLE,wr,@ 10:11 PM EDT,32,12.7,,,,,,,,,,,,1.3,0.4,0.0,8.7,2.8,5.1,0.4,77.3,,,,,,,,,,,,,,,,,,,,,1.3
BrowPh00,Pharaoh Brown,NE,te,@ 10:11 PM EDT,29,12.0,,,,,,,,,,,,,,,,3.0,6.3,0.4,74.0,,,,,,,,,,,,,,,,,,,,,1.34
PennRa00,Rashaad Penny,PHI,rb,@ 10:11 PM EDT,27,11.7,,,,,,,,,,,,19.4,4.3,0.5,95.3,0.0,1.7,0.1,12.0,,,,,,,,,,,,,,,,,,,,,1.35
JoneCh00,Charlie Jones,CIN,wr,@ 10:11 PM EDT,25,9.7,,,,,,,,,,,,0.7,0.1,,3.3,3.2,7.1,0.1,74.7,0.0,23.9,0.1,121.2,,,,,,,,,,,,,,,,,1.61
GrahJi00,Jimmy Graham,NO,te,@ 10:11 PM EDT,36,12.0,,,,,,,,,,,,,,,,2.3,5.4,0.8,54.0,,,,,,,,,,,,,,,,,,,,,1.29
JoneMa02,Marvin Jones Jr,FA,wr,@ 10:11 PM EDT,33,12.0,,,,,,,,,,,,,,,,2.5,5.4,0.6,62.7,,,,,,,,,,,,,,,,,,,,,1.29
JoneVe00,Velus Jones Jr,CHI,wr,@ 10:11 PM EDT,26,12.0,,,,,,,,,,,,0.7,0.1,,3.3,3.1,6.8,0.1,73.3,,,0.0,29.1,,,,,,,,,,,,,,,,,1.24
BennSt00,Stetson Bennett,LAR,qb,@ 10:11 PM EDT,26,7.8,,50.7,31.3,17.5,1.3,3.3,1.0,313.3,6.2,,,5.3,0.5,,13.3,,,,,,,,,,,,,,,,,,,,,,,,,1.91
WhitMi00,Mike White,MIA,qb,@ 10:11 PM EDT,28,10.1,,34.8,23.2,12.7,0.8,2.0,1.4,251.0,7.2,,,3.1,0.5,0.1,10.0,,,,,,,,,,,,,,,,,,,,,,,,,1.47
BoboJa00,Jake Bobo,SEA,wr,@ 10:11 PM EDT,25,12.7,,,,,,,,,,,,,,,,3.0,6.9,0.1,69.7,,,,,,,,,,,,,,,,,,,,,1.16
ThomIa00,Ian Thomas,CAR,te,@ 10:11 PM EDT,27,12.0,,,,,,,,,,,,,,,,2.6,6.3,0.4,57.7,,,,,,,,,,,,,,,,,,,,,1.22
DuveDe00,Devin Duvernay,BAL,wr,@ 10:11 PM EDT,26,12.0,,,,,,,,,,,,3.3,0.7,,16.7,2.1,5.2,0.4,48.3,0.1,164.4,0.2,139.6,,,,,,,,,,,,,,,,,1.19
FourLe00,Leonard Fournette,FA,rb,@ 10:11 PM EDT,28,3.7,,,,,,,,,,,,20.0,3.0,0.3,66.7,0.7,3.3,,20.0,,,,,,,,,,,,,,,,,,,,,3.75
StidJa00,Jarrett Stidham,DEN,qb,@ 10:11 PM EDT,27,7.0,,35.1,22.1,12.5,0.8,2.7,1.3,225.0,6.4,,,4.2,0.7,0.0,17.0,,,,,,,,,,,,,,,,,,,,,,,,,1.99
HeywCo00,Connor Heyward,PIT,te,@ 10:11 PM EDT,24,12.0,,,,,,,,,,,,1.0,0.3,0.0,6.7,2.2,5.5,0.4,51.3,,,,,,,,,,,,,,,,,,,,,1.15
WillMa05,Malik Willis,TEN,qb,@ 10:11 PM EDT,24,9.1,,26.4,14.7,8.9,0.7,3.3,0.7,155.0,5.9,,,9.1,2.0,0.4,41.7,,,,,,,,,,,,,,,,,,,,,,,,,1.49
NailJa00,Jalen Nailor,MIN,wr,@ 10:11 PM EDT,24,11.3,,,,,,,,,,,,,,,,2.3,4.9,0.4,63.0,,,,,,,,,,,,,,,,,,,,,1.2
ThomDo02,Dorian Thompson-Robinson,CLE,qb,@ 10:11 PM EDT,23,8.3,,27.2,17.0,9.5,0.8,2.0,0.8,165.3,6.1,,,5.9,0.8,0.4,9.7,,,0.3,,,,,,,,,,,,,,,,,,,,,,1.62
AhmeSa00,Salvon Ahmed,MIA,rb,@ 10:11 PM EDT,24,11.7,,,,,,,,,,,,10.5,2.0,0.1,47.7,1.1,3.8,0.1,31.7,,,,,,,,,,,,,,,,,,,,,1.14
RodrCh01,Chris Rodriguez Jr.,WAS,rb,@ 10:11 PM EDT,23,9.3,,,,,,,,,,,,14.4,2.6,0.4,55.7,0.5,3.1,0.1,16.3,,,,,,,,,,,,,,,,,,,,,1.4
StraBr00,Brenton Strange,JAX,te,@ 10:11 PM EDT,22,12.0,,,,,,,,,,,,,,,,2.4,6.2,0.2,53.7,,,,,,,,,,,,,,,,,,,,,1.06
GuytJa00,Jalen Guyton,LAC,wr,@ 10:11 PM EDT,26,11.7,,,,,,,,,,,,,,,,2.5,5.0,0.1,71.3,,,,,,,,,,,,,,,,,,,,,1.07
DortGr00,Greg Dortch,ARI,wr,@ 10:11 PM EDT,25,12.0,,,,,,,,,,,,,,,,2.4,6.0,0.1,56.7,0.1,144.5,0.2,124.5,,,,,,,,,,,,,,,,,1.04
MinsGa00,Gardner Minshew,IND,qb,@ 10:11 PM EDT,27,6.5,,35.9,23.7,12.9,0.7,2.7,1.1,218.0,6.1,,,3.8,0.4,0.0,8.0,,,,,,,,,,,,,,,,,,,,,,,,,1.89
ShepSt00,Sterling Shepard,NYG,wr,@ 10:11 PM EDT,30,12.0,,,,,,,,,,,,,,,,2.2,5.4,0.2,54.7,,,,,,,,,,,,,,,,,,,,,1.02
TuckTr00,Tre Tucker,LV,wr,@ 10:11 PM EDT,22,12.0,,,,,,,,,,,,1.6,0.4,0.0,10.0,1.9,4.5,0.2,52.0,0.0,52.8,0.0,31.3,,,,,,,,,,,,,,,,,1.01
VaugKe00,Ke&apos;Shawn Vaughn,TB,rb,@ 10:11 PM EDT,26,12.3,,,,,,,,,,,,20.8,3.1,0.2,72.7,0.2,2.2,0.1,12.3,,,,,,,,,,,,,,,,,,,,,0.97
KiefKo00,Ko Kieft,TB,te,@ 10:11 PM EDT,25,12.7,,,,,,,,,,,,,,,,2.3,5.9,0.1,53.0,,,,,,,,,,,,,,,,,,,,,0.94
WinsJa00,Jameis Winston,NO,qb,@ 10:11 PM EDT,29,7.3,,29.7,19.8,10.8,1.1,2.0,1.2,219.7,7.4,,,3.0,0.4,0.0,10.3,,,,,,,,,,,,,,,,,,,,,,,,,1.64
KrafTu00,Tucker Kraft,GB,te,@ 10:11 PM EDT,22,12.0,,,,,,,,,,,,,,,,2.3,5.7,0.1,54.0,,,,,,,,,,,,,,,,,,,,,0.99
GrayEr00,Eric Gray,NYG,rb,@ 10:11 PM EDT,23,11.7,,,,,,,,,,,,12.7,2.1,0.2,47.0,0.7,3.3,0.1,21.3,0.0,42.9,0.1,48.6,,,,,,,,,,,,,,,,,1.01
ClayCh01,Chase Claypool,MIA,wr,@ 10:11 PM EDT,25,11.1,,,,,,,,,,,,,,,,1.9,4.0,0.3,56.7,,,,,,,,,,,,,,,,,,,,,1.05
BlacRa00,Raheem Blackshear,CAR,rb,@ 10:11 PM EDT,25,11.7,,,,,,,,,,,,8.9,1.4,0.1,31.0,1.2,4.1,0.1,29.3,0.1,159.9,0.0,17.6,,,,,,,,,,,,,,,,,0.98
ThorTy00,Tyquan Thornton,NE,wr,@ 10:11 PM EDT,23,9.5,,,,,,,,,,,,1.1,0.3,,7.3,1.9,4.5,0.1,54.3,,,,,,,,,,,,,,,,,,,,,1.18
FarrLu00,Luke Farrell,JAX,te,@ 10:11 PM EDT,26,12.0,,,,,,,,,,,,,,,,2.1,5.3,0.1,54.7,,,,,,,,,,,,,,,,,,,,,0.93
QuitTe00,Teagan Quitoriano,HOU,te,@ 10:11 PM EDT,23,12.0,,,,,,,,,,,,,,,,1.9,5.0,0.2,47.0,,,,,,,,,,,,,,,,,,,,,0.89
RicaPa00,Patrick Ricard,BAL,rb,@ 10:11 PM EDT,29,11.7,,,,,,,,,,,,3.9,0.7,0.2,11.7,0.8,3.4,0.4,22.0,,,,,,,,,,,,,,,,,,,,,0.9
DurhPa00,Payne Durham,TB,te,@ 10:11 PM EDT,23,12.7,,,,,,,,,,,,,,,,1.9,5.1,0.1,48.0,,,,,,,,,,,,,,,,,,,,,0.83
DeguJo00,Josiah Deguara,GB,te,@ 10:11 PM EDT,26,12.0,,,,,,,,,,,,,,,,2.0,5.5,0.0,47.7,,,,,,,,,,,,,,,,,,,,,0.87
TaylTy00,Tyrod Taylor,NYG,qb,@ 10:11 PM EDT,34,7.0,,21.1,13.0,7.3,0.1,2.0,0.4,133.7,6.3,,,3.7,1.0,0.4,15.3,,,,,,,,,,,,,,,,,,,,,,,,,1.46
EdmoCh00,Chase Edmonds,TB,rb,@ 10:11 PM EDT,27,9.8,,,,,,,,,,,,12.2,1.9,0.0,46.0,0.6,2.9,0.1,20.0,,,,,,,,,,,,,,,,,,,,,1.03
TremTo00,Tommy Tremble,CAR,te,@ 10:11 PM EDT,23,12.0,,,,,,,,,,,,,,,,1.8,4.9,0.1,44.0,,,,,,,,,,,,,,,,,,,,,0.84
HastJa00,JaMycal Hasty,JAX,rb,@ 10:11 PM EDT,27,11.7,,,,,,,,,,,,5.1,1.0,0.2,21.7,0.9,3.7,0.1,23.7,,,,,,,,,,,,,,,,,,,,,0.85
DarnSa00,Sam Darnold,SF,qb,@ 10:11 PM EDT,26,7.1,,18.9,12.9,7.0,0.7,2.0,0.8,145.7,7.7,,,5.2,0.9,0.1,19.3,,,,,,,,,,,,,,,,,,,,,,,,,1.39
TourSa00,Samori Toure,GB,wr,@ 10:11 PM EDT,25,12.0,,,,,,,,,,,,,,,,1.7,4.1,0.1,49.7,,,,,,,,,,,,,,,,,,,,,0.82
JoneTo01,Tony Jones Jr.,ARI,rb,@ 10:11 PM EDT,25,5.1,,,,,,,,,,,,10.3,1.8,0.3,37.0,0.3,2.3,0.1,17.0,,,,,,,,,,,,,,,,,,,,,1.94
BrisJa00,Jacoby Brissett,WAS,qb,@ 10:11 PM EDT,30,6.9,,19.9,12.4,6.9,0.4,1.3,0.4,135.7,6.8,,,3.6,1.0,0.4,13.7,,,,,,,,,,,,,,,,,,,,,,,,,1.41
TaylPa00,Patrick Taylor,NE,rb,@ 10:11 PM EDT,25,11.7,,,,,,,,,,,,11.3,2.0,0.4,38.3,0.0,1.7,0.1,12.0,,,,,,,,,,,,,,,,,,,,,0.83
BrowNo00,Noah Brown,HOU,wr,@ 10:11 PM EDT,27,11.0,,,,,,,,,,,,,,,,1.6,4.0,0.1,48.3,,,,,,,,,,,,,,,,,,,,,0.84
PoweBr00,Brandon Powell,MIN,wr,@ 10:11 PM EDT,28,12.0,,,,,,,,,,,,0.8,0.2,,6.0,1.3,3.7,0.2,36.3,0.1,165.1,0.1,110.1,,,,,,,,,,,,,,,,,0.77
JameRi00,Richie James,KC,wr,@ 10:11 PM EDT,28,10.7,,,,,,,,,,,,,,,,1.5,3.7,0.2,45.3,,,,,,,,,,,,,,,,,,,,,0.87
HumpLi00,Lil&apos;Jordan Humphrey,DEN,wr,@ 10:11 PM EDT,25,12.0,,,,,,,,,,,,,,,,1.5,3.6,0.2,46.3,,,,,,,,,,,,,,,,,,,,,0.77
SampDr00,Drew Sample,CIN,te,@ 10:11 PM EDT,27,12.0,,,,,,,,,,,,,,,,1.5,4.7,0.1,37.0,,,,,,,,,,,,,,,,,,,,,0.77
ZappBa00,Bailey Zappe,NE,qb,@ 10:11 PM EDT,24,8.6,,28.1,16.5,9.7,0.7,2.0,0.8,180.3,6.4,,,2.7,0.1,,3.3,,,,,,,,,,,,,,,,,,,,,,,,,1.06
HudsTa00,Tanner Hudson,CIN,te,@ 10:11 PM EDT,28,12.0,,,,,,,,,,,,,,,,1.4,3.9,0.2,41.0,,,,,,,,,,,,,,,,,,,,,0.75
BoldBr00,Brandon Bolden,LV,rb,@ 10:11 PM EDT,33,11.7,,,,,,,,,,,,5.0,0.9,0.1,18.3,0.8,3.0,0.1,27.0,,,,,,,,,,,,,,,,,,,,,0.76
JohnJa03,Jakob Johnson,LV,rb,@ 10:11 PM EDT,28,11.7,,,,,,,,,,,,0.9,0.2,0.0,3.3,1.3,4.4,0.1,34.0,,,,,,,,,,,,,,,,,,,,,0.76
LockDr00,Drew Lock,SEA,qb,@ 10:11 PM EDT,26,7.7,,22.5,13.8,7.9,0.7,2.0,0.8,159.0,7.1,,,3.7,0.3,0.0,7.3,,,,,,,,,,,,,,,,,,,,,,,,,1.15
GipsXa00,Xavier Gipson,NYJ,wr,@ 10:11 PM EDT,22,12.0,,,,,,,,,,,,,,,,1.4,3.7,0.2,41.0,,,,,,,,,,,,,,,,,,,,,0.73
DotsEl00,Elijah Dotson,LAC,rb,@ 10:11 PM EDT,24,12.3,,,,,,,,,,,,9.1,1.4,0.0,33.7,0.5,3.1,0.1,16.3,,,,,,,,,,,,,,,,,,,,,0.7
MillSc01,Scotty Miller,ATL,wr,@ 10:11 PM EDT,26,12.0,,,,,,,,,,,,,,,,1.4,3.6,0.1,42.3,,,,,,,,,,,,,,,,,,,,,0.72
McClRa00,Ray-Ray McCloud III,SF,wr,@ 10:11 PM EDT,27,12.0,,,,,,,,,,,,,,,,1.4,3.6,0.1,45.0,0.0,83.1,0.1,85.5,,,,,,,,,,,,,,,,,0.71
MariMa01,Marcus Mariota,PHI,qb,@ 10:11 PM EDT,30,7.0,,14.4,9.0,5.3,0.4,1.3,0.8,100.3,7.0,,,3.3,0.7,0.0,16.7,,,,,,,,,,,,,,,,,,,,,,,,,1.17
EskrDW00,Dee Eskridge,SEA,wr,@ 10:11 PM EDT,26,12.7,,,,,,,,,,,,,,,,1.4,4.0,0.0,40.0,,,,,,,,,,,,,,,,,,,,,0.65
RushCo00,Cooper Rush,DAL,qb,@ 10:11 PM EDT,29,8.1,,25.3,16.2,9.0,0.7,1.3,0.7,169.7,6.7,,,4.6,0.0,0.0,,,,,,,,,,,,,,,,,,,,,,,,,,1.01
GillRe00,Reggie Gilliam,BUF,rb,@ 10:11 PM EDT,26,11.7,,,,,,,,,,,,1.1,0.2,0.1,4.0,1.0,3.6,0.1,29.3,,,,,,,,,,,,,,,,,,,,,0.7
AdkiNa00,Nate Adkins,DEN,te,@ 10:11 PM EDT,24,12.0,,,,,,,,,,,,,,,,1.3,4.3,0.1,32.7,,,,,,,,,,,,,,,,,,,,,0.67
GoulRo44,Robbie Gould,FA,pk,@ 10:11 PM EDT,40,5.5,,,,,,,,,,,,,,,,,,,,,,,,3.5,2.6,,2.2,1.8,0.4,,,,,,,,,,,1.45
LeviWi00,Will Levis,TEN,qb,@ 10:11 PM EDT,24,7.6,,21.7,12.9,7.4,0.8,2.0,0.5,136.3,6.3,,,5.5,0.8,0.1,19.3,,,,,,,,,,,,,,,,,,,,,,,,,1.03
AndeRo02,Robbie Chosen,MIA,wr,@ 10:11 PM EDT,30,12.0,,,,,,,,,,,,,,,,1.1,2.9,0.2,38.7,,,,,,,,,,,,,,,,,,,,,0.65
KrofTy00,Tyler Kroft,MIA,te,@ 10:11 PM EDT,31,12.0,,,,,,,,,,,,,,,,1.0,3.1,0.2,31.7,,,,,,,,,,,,,,,,,,,,,0.64
MallWi00,Will Mallory,IND,te,@ 10:11 PM EDT,24,12.0,,,,,,,,,,,,,,,,1.1,3.4,0.1,36.0,,,,,,,,,,,,,,,,,,,,,0.64
BrowJa01,Jake Browning,CIN,qb,@ 10:11 PM EDT,27,7.0,,16.1,9.2,5.5,0.7,2.0,0.5,99.7,6.2,,,2.9,0.8,0.4,10.3,,,,,,,,,,,,,,,,,,,,,,,,,1.09
CrosMa44,Mason Crosby,FA,pk,@ 10:11 PM EDT,39,5.5,,,,,,,,,,,,,,,,,,,,,,,,2.6,2.2,,2.2,1.8,0.4,,,,,,,,,,,1.38
MullNi00,Nick Mullens,MIN,qb,@ 10:11 PM EDT,28,7.6,,19.6,12.7,7.1,0.8,1.9,0.8,123.0,6.3,,,2.2,0.3,0.0,5.7,,,,,,,,,,,,,,,,,,,,,,,,,0.98
WentCa00,Carson Wentz,FA,qb,@ 10:11 PM EDT,30,4.3,,23.3,14.0,8.1,0.7,2.0,0.7,143.3,6.1,,,2.0,0.3,,6.7,,,,,,,,,,,,,,,,,,,,,,,,,1.74
NwanKe00,Kene Nwangwu,MIN,rb,@ 10:11 PM EDT,25,11.7,,,,,,,,,,,,1.5,0.3,,6.7,0.9,3.6,0.1,24.7,,,,,,,,,,,,,,,,,,,,,0.63
SermTr00,Trey Sermon,IND,rb,@ 10:11 PM EDT,24,11.7,,,,,,,,,,,,7.5,1.2,0.1,27.3,0.2,2.0,0.1,16.0,,,,,,,,,,,,,,,,,,,,,0.63
HomeTr00,Travis Homer,CHI,rb,@ 10:11 PM EDT,25,11.7,,,,,,,,,,,,2.4,0.5,0.0,11.7,0.7,2.8,0.1,25.0,,,,,,,,,,,,,,,,,,,,,0.62
WilsEm00,Emanuel Wilson,GB,rb,@ 10:11 PM EDT,24,11.7,,,,,,,,,,,,11.6,1.7,0.1,40.0,,1.5,0.0,8.3,,,,,,,,,,,,,,,,,,,,,0.61
KolaCh00,Charlie Kolar,BAL,te,@ 10:11 PM EDT,24,12.0,,,,,,,,,,,,,,,,1.0,3.3,0.0,33.3,,,,,,,,,,,,,,,,,,,,,0.57
SkowBe00,Ben Skowronek,LAR,wr,@ 10:11 PM EDT,26,12.0,,,,,,,,,,,,1.0,0.3,0.0,7.3,0.7,2.7,0.1,27.3,,,,,,,,,,,,,,,,,,,,,0.56
PerrAT00,A.T. Perry,NO,wr,@ 10:11 PM EDT,24,12.0,,,,,,,,,,,,,,,,0.9,3.6,0.1,26.3,,,,,,,,,,,,,,,,,,,,,0.56
ManhCh00,Chris Manhertz,DEN,te,@ 10:11 PM EDT,31,12.0,,,,,,,,,,,,,,,,0.9,3.5,0.1,27.3,,,,,,,,,,,,,,,,,,,,,0.55
HillJu01,Julian Hill,MIA,te,@ 10:11 PM EDT,23,12.0,,,,,,,,,,,,,,,,0.7,3.1,0.2,21.0,,,,,,,,,,,,,,,,,,,,,0.55
GreeAn00,Antoine Green,DET,wr,@ 10:11 PM EDT,23,12.0,,,,,,,,,,,,,,,,0.9,2.8,0.1,31.3,,,,,,,,,,,,,,,,,,,,,0.55
HutcXa00,Xavier Hutchinson,HOU,wr,@ 10:11 PM EDT,23,12.0,,,,,,,,,,,,,,,,0.9,2.8,0.0,35.0,,,,,,,,,,,,,,,,,,,,,0.54
StolJa00,Jack Stoll,PHI,te,@ 10:11 PM EDT,25,12.0,,,,,,,,,,,,,,,,0.9,3.2,0.1,28.0,,,,,,,,,,,,,,,,,,,,,0.53
AbanIs00,Israel Abanikanda,NYJ,rb,@ 10:11 PM EDT,21,11.7,,,,,,,,,,,,10.3,1.6,0.1,39.3,,0.9,0.1,6.7,,,,,,,,,,,,,,,,,,,,,0.54
SmarSt00,Stone Smartt,LAC,te,@ 10:11 PM EDT,25,12.7,,,,,,,,,,,,,,,,0.8,2.9,0.1,28.3,,,,,,,,,,,,,,,,,,,,,0.49
WescTr00,Trevon Wesco,TEN,te,@ 10:11 PM EDT,28,12.0,,,,,,,,,,,,,,,,0.6,2.2,0.2,26.7,,,,,,,,,,,,,,,,,,,,,0.5
AlleKy00,Kyle Allen,BUF,qb,@ 10:11 PM EDT,27,6.9,,14.8,9.3,5.2,0.1,0.7,0.5,96.0,6.5,,,4.5,0.1,0.1,,,,,,,,,,,,,,,,,,,,,,,,,,0.88
CartDe02,DeAndre Carter,LV,wr,@ 10:11 PM EDT,30,12.0,,,,,,,,,,,,,,,,0.7,2.4,0.1,28.3,0.0,126.5,0.1,96.4,,,,,,,,,,,,,,,,,0.49
GonzZa99,Zane Gonzalez,FA,pk,@ 10:11 PM EDT,28,5.5,,,,,,,,,,,,,,,,,,,,,,,,2.2,1.8,,1.8,1.3,0.5,,,,,,,,,,,1.04
LancTr00,Trey Lance,DAL,qb,@ 10:11 PM EDT,23,6.9,,11.3,6.9,4.0,0.4,0.7,0.4,76.3,6.7,,,3.2,0.7,0.0,16.3,,,,,,,,,,,,,,,,,,,,,,,,,0.82
YorkCa44,Cade York,TEN,pk,@ 10:11 PM EDT,22,5.5,,,,,,,,,,,,,,,,,,,,,,,,2.2,1.8,,1.8,1.3,0.5,,,,,,,,,,,1.04
KnigZo00,Zonovan Knight,DET,rb,@ 10:11 PM EDT,22,11.7,,,,,,,,,,,,8.3,1.3,0.1,30.3,,1.0,0.1,6.7,,,,,,,,,,,,,,,,,,,,,0.48
BridTe00,Teddy Bridgewater,DET,qb,@ 10:11 PM EDT,30,7.0,,12.5,8.5,4.6,0.4,0.7,0.5,83.3,6.7,,,3.9,0.4,0.1,8.0,,,,,,,,,,,,,,,,,,,,,,,,,0.8
MundJo00,Johnny Mundt,MIN,te,@ 10:11 PM EDT,28,12.0,,,,,,,,,,,,,,,,0.6,3.0,0.1,21.7,,,,,,,,,,,,,,,,,,,,,0.46
FreeRo00,Royce Freeman,LAR,rb,@ 10:11 PM EDT,27,6.1,,,,,,,,,,,,8.3,1.3,0.2,29.0,,0.9,0.0,5.7,,,,,,,,,,,,,,,,,,,,,0.91
ClifSe00,Sean Clifford,GB,qb,@ 10:11 PM EDT,25,7.6,,19.8,11.6,6.8,0.7,1.3,0.5,105.3,5.3,,,3.0,0.4,0.0,10.0,,,,,,,,,,,,,,,,,,,,,,,,,0.72
TuneCl00,Clayton Tune,ARI,qb,@ 10:11 PM EDT,24,5.4,,12.2,8.5,4.5,0.4,,0.4,82.3,6.8,,,2.1,0.4,0.1,8.0,,,,,,,,,,,,,,,,,,,,,,,,,0.99
MontTy01,Ty Montgomery II,NE,wr,@ 10:11 PM EDT,30,5.1,,,,,,,,,,,,2.1,0.4,0.0,10.3,0.2,1.7,0.1,16.7,,,,,,,,,,,,,,,,,,,,,1.05
DwelRo00,Ross Dwelley,SF,te,@ 10:11 PM EDT,28,12.0,,,,,,,,,,,,,,,,0.5,2.1,0.1,25.7,,,,,,,,,,,,,,,,,,,,,0.44
BadgMi44,Michael Badgley,DET,pk,@ 10:11 PM EDT,28,5.5,,,,,,,,,,,,,,,,,,,,,,,,1.8,1.3,,1.8,1.3,0.5,,,,,,,,,,,0.95
SuccRy44,Ryan Succop,FA,pk,@ 10:11 PM EDT,37,5.5,,,,,,,,,,,,,,,,,,,,,,,,1.8,1.3,,1.8,1.3,0.5,,,,,,,,,,,0.95
SmitTr03,Tre&apos;Quan Smith,DEN,wr,@ 10:11 PM EDT,27,11.8,,,,,,,,,,,,,,,,0.5,2.1,0.1,26.7,,,,,,,,,,,,,,,,,,,,,0.44
ThomCo02,Cody Thompson,SEA,wr,@ 10:11 PM EDT,27,12.7,,,,,,,,,,,,,,,,0.6,2.5,0.0,25.0,,,,,,,,,,,,,,,,,,,,,0.41
RiccGi00,Giovanni Ricci,CAR,te,@ 10:11 PM EDT,27,11.7,,,,,,,,,,,,1.0,0.3,0.0,7.0,0.2,2.1,0.1,16.3,,,,,,,,,,,,,,,,,,,,,0.43
LuepHu00,Hunter Luepke,FA,rb,@ 10:11 PM EDT,,8.0,,,,,,,,,,,,4.0,0.7,0.3,10.0,,1.3,,6.7,,,,,,,,,,,,,,,,,,,,,0.62
McFaAn00,Anthony McFarland Jr,PIT,rb,@ 10:11 PM EDT,25,11.3,,,,,,,,,,,,3.3,0.6,0.0,13.7,0.1,1.7,0.0,14.7,0.0,79.2,,,,,,,,,,,,,,,,,,,0.43
OkwuAl00,Albert Okwuegbunam,PHI,te,@ 10:11 PM EDT,25,12.0,,,,,,,,,,,,,,,,0.4,2.1,0.1,21.0,,,,,,,,,,,,,,,,,,,,,0.4
VizcTr44,Tristan Vizcaino,FA,pk,@ 10:11 PM EDT,27,5.5,,,,,,,,,,,,,,,,,,,,,,,,0.9,0.9,,1.8,1.3,0.5,,,,,,,,,,,0.87
PrinBy00,Byron Pringle,WAS,wr,@ 10:11 PM EDT,29,12.0,,,,,,,,,,,,,,,,0.5,2.0,0.0,25.7,,,,,,,,,,,,,,,,,,,,,0.4
BoykMi00,Miles Boykin,PIT,wr,@ 10:11 PM EDT,27,12.0,,,,,,,,,,,,,,,,0.3,1.7,0.1,23.7,,,,,,,,,,,,,,,,,,,,,0.39
BrowJa03,Jason Brownlee,NYJ,wr,@ 10:11 PM EDT,24,12.0,,,,,,,,,,,,,,,,0.4,2.1,0.1,21.3,,,,,,,,,,,,,,,,,,,,,0.39
HeatMa00,Malik Heath,GB,wr,@ 10:11 PM EDT,23,12.0,,,,,,,,,,,,,,,,0.4,2.0,0.0,24.0,,,,,,,,,,,,,,,,,,,,,0.38
HarrKe01,Kevin Harris,NE,rb,@ 10:11 PM EDT,22,3.7,,,,,,,,,,,,6.4,1.0,0.1,22.7,,0.8,0.0,7.0,,,,,,,,,,,,,,,,,,,,,1.23
HopkBr00,Brycen Hopkins,LAR,te,@ 10:11 PM EDT,26,12.0,,,,,,,,,,,,,,,,0.4,2.1,0.0,22.7,,,,,,,,,,,,,,,,,,,,,0.38
BlasKh00,Khari Blasingame,CHI,rb,@ 10:11 PM EDT,27,11.7,,,,,,,,,,,,5.1,0.7,0.0,17.0,,1.4,0.0,10.0,,,,,,,,,,,,,,,,,,,,,0.38
WilkKr00,Kristian Wilkerson,LV,wr,@ 10:11 PM EDT,26,12.0,,,,,,,,,,,,,,,,0.3,2.0,0.1,20.3,,,,,,,,,,,,,,,,,,,,,0.37
DaviTy02,Tyrion Davis-Price,SF,rb,@ 10:11 PM EDT,23,11.7,,,,,,,,,,,,7.9,1.2,0.1,28.3,,0.5,0.0,4.0,,,,,,,,,,,,,,,,,,,,,0.37
MilnDa00,Dax Milne,WAS,wr,@ 10:11 PM EDT,24,12.0,,,,,,,,,,,,,,,,0.2,1.8,0.1,18.3,0.0,63.3,0.2,128.8,,,,,,,,,,,,,,,,,0.36
RobiDe01,Demarcus Robinson,LAR,wr,@ 10:11 PM EDT,29,12.0,,,,,,,,,,,,,,,,0.3,1.8,0.1,20.3,,,,,,,,,,,,,,,,,,,,,0.35
RuckJe00,Jeremy Ruckert,NYJ,te,@ 10:11 PM EDT,23,12.0,,,,,,,,,,,,,,,,0.3,1.9,0.1,18.3,,,,,,,,,,,,,,,,,,,,,0.35
SwaiGe00,Geoff Swaim,ARI,te,@ 10:11 PM EDT,30,12.0,,,,,,,,,,,,,,,,0.2,2.1,0.1,16.0,,,,,,,,,,,,,,,,,,,,,0.34
BageTy00,Tyson Bagent,CHI,qb,@ 10:11 PM EDT,23,5.7,,15.4,9.6,5.3,0.8,2.0,0.2,95.0,6.2,,,3.1,0.4,0.0,10.3,,,,,,,,,,,,,,,,,,,,,,,,,0.72
WashPa01,Parker Washington,JAX,wr,@ 10:11 PM EDT,21,12.0,,,,,,,,,,,,,,,,0.2,1.7,0.1,17.3,,,,,,,,,,,,,,,,,,,,,0.34
ChesJu00,Julius Chestnut,TEN,rb,@ 10:11 PM EDT,23,11.0,,,,,,,,,,,,5.2,0.9,0.1,18.7,,0.7,0.0,5.7,0.0,30.1,,,,,,,,,,,,,,,,,,,0.37
DrakKe00,Kenyan Drake,FA,rb,@ 10:11 PM EDT,29,5.1,,,,,,,,,,,,3.9,0.8,0.1,16.0,,0.8,0.0,7.0,,,,,,,,,,,,,,,,,,,,,0.79
RypiBr00,Brett Rypien,LAR,qb,@ 10:11 PM EDT,27,7.0,,13.0,8.1,4.4,0.4,0.7,0.1,83.7,6.4,,,2.4,0.4,0.0,9.3,,,,,,,,,,,,,,,,,,,,,,,,,0.57
BrooCh01,Chris Brooks,MIA,rb,@ 10:11 PM EDT,23,11.7,,,,,,,,,,,,4.4,0.7,0.0,17.0,,1.0,0.1,5.7,,,,,,,,,,,,,,,,,,,,,0.34
BlanRo44,Rodrigo Blankenship,FA,pk,@ 10:11 PM EDT,26,5.5,,,,,,,,,,,,,,,,,,,,,,,,1.8,1.3,,1.3,0.9,0.4,,,,,,,,,,,0.73
BrooJa02,Jalen Brooks,DAL,wr,@ 10:11 PM EDT,23,12.0,,,,,,,,,,,,,,,,0.2,1.7,0.1,17.0,,,,,,,,,,,,,,,,,,,,,0.33
SeibAu44,Austin Seibert,FA,pk,@ 10:11 PM EDT,26,5.5,,,,,,,,,,,,,,,,,,,,,,,,1.8,1.3,,1.3,0.9,0.4,,,,,,,,,,,0.73
WilcMi00,Mitchell Wilcox,CIN,te,@ 10:11 PM EDT,26,12.0,,,,,,,,,,,,,,,,0.2,1.8,0.1,17.7,,,,,,,,,,,,,,,,,,,,,0.33
BeatCJ00,C.J. Beathard,JAX,qb,@ 10:11 PM EDT,29,7.5,,14.9,9.3,5.1,0.4,1.3,0.1,94.0,6.3,,,2.4,0.2,0.0,5.3,,,,,,,,,,,,,,,,,,,,,,,,,0.53
CalcGr00,Grant Calcaterra,PHI,te,@ 10:11 PM EDT,24,12.0,,,,,,,,,,,,,,,,0.2,1.9,0.1,15.3,,,,,,,,,,,,,,,,,,,,,0.32
GoreDe00,Derrick Gore,WAS,rb,@ 10:11 PM EDT,28,5.7,,,,,,,,,,,,2.0,0.4,0.1,8.3,,1.2,0.0,11.7,,,,,,,,,,,,,,,,,,,,,0.65
JoneTi00,Tim Jones,JAX,wr,@ 10:11 PM EDT,25,12.0,,,,,,,,,,,,,,,,0.2,1.8,0.0,18.0,,,,,,,,,,,,,,,,,,,,,0.31
ShorJu00,Justin Shorter,BUF,wr,@ 10:11 PM EDT,23,12.0,,,,,,,,,,,,,,,,0.1,1.6,0.1,17.3,,,,,,,,,,,,,,,,,,,,,0.31
BurtMi00,Michael Burton,DEN,rb,@ 10:11 PM EDT,31,11.7,,,,,,,,,,,,2.2,0.3,0.0,6.3,,1.4,0.1,9.7,,,,,,,,,,,,,,,,,,,,,0.31
CabiJa00,Jason Cabinda,DET,rb,@ 10:11 PM EDT,27,11.7,,,,,,,,,,,,2.6,0.3,0.1,6.3,,1.4,0.1,7.0,,,,,,,,,,,,,,,,,,,,,0.3
GaskMy00,Myles Gaskin,LAR,rb,@ 10:11 PM EDT,26,11.7,,,,,,,,,,,,0.8,0.1,0.0,2.7,,1.5,0.1,9.3,,,,,,,,,,,,,,,,,,,,,0.3
SmitIh00,Ihmir Smith-Marsette,CAR,wr,@ 10:11 PM EDT,24,12.0,,,,,,,,,,,,,,,,0.1,1.4,0.0,19.0,,,0.1,123.1,,,,,,,,,,,,,,,,,0.29
PruiMy00,MyCole Pruitt,ATL,te,@ 10:11 PM EDT,31,12.0,,,,,,,,,,,,,,,,0.1,1.5,0.1,15.3,,,,,,,,,,,,,,,,,,,,,0.29
SticEa00,Easton Stick,LAC,qb,@ 10:11 PM EDT,28,7.1,,9.7,6.1,3.3,0.1,,0.1,55.7,5.8,,,2.4,0.3,0.0,7.3,,,,,,,,,,,,,,,,,,,,,,,,,0.48
LewiMa00,Marcedes Lewis,CHI,te,@ 10:11 PM EDT,39,12.0,,,,,,,,,,,,,,,,0.1,1.8,0.0,14.3,,,,,,,,,,,,,,,,,,,,,0.28
SmitKe03,Keith Smith,ATL,rb,@ 10:11 PM EDT,31,11.7,,,,,,,,,,,,2.5,0.4,0.1,7.0,,1.4,0.0,7.0,,,,,,,,,,,,,,,,,,,,,0.29
BeckAn00,Andrew Beck,HOU,te,@ 10:11 PM EDT,27,12.0,,,,,,,,,,,,1.3,0.1,,3.3,,1.5,0.1,10.7,,,,,,,,,,,,,,,,,,,,,0.28
CageLa00,Lawrence Cager,NYG,te,@ 10:11 PM EDT,26,12.0,,,,,,,,,,,,,,,,,1.4,0.1,13.7,,,,,,,,,,,,,,,,,,,,,0.27
GabbBl00,Blaine Gabbert,KC,qb,@ 10:11 PM EDT,34,7.0,,14.9,9.3,5.1,0.8,0.7,0.2,89.0,6.0,,,2.4,0.1,0.0,2.3,,,,,,,,,,,,,,,,,,,,,,,,,0.46
PrenAd00,Adam Prentice,NO,rb,@ 10:11 PM EDT,26,11.7,,,,,,,,,,,,2.4,0.3,0.0,6.7,,1.3,0.0,8.3,,,,,,,,,,,,,,,,,,,,,0.27
MitcJa00,James Mitchell,DET,te,@ 10:11 PM EDT,23,12.0,,,,,,,,,,,,,,,,,1.4,0.1,13.7,,,,,,,,,,,,,,,,,,,,,0.26
MuseNi00,Nick Muse,MIN,te,@ 10:11 PM EDT,24,12.0,,,,,,,,,,,,,,,,,1.4,0.1,12.3,,,,,,,,,,,,,,,,,,,,,0.25
BellBl00,Blake Bell,KC,te,@ 10:11 PM EDT,32,12.0,,,,,,,,,,,,,,,,,1.5,0.1,10.3,,,,,,,,,,,,,,,,,,,,,0.24
WoerCh00,Charlie Woerner,SF,te,@ 10:11 PM EDT,26,12.0,,,,,,,,,,,,,,,,,1.2,0.1,11.7,,,,,,,,,,,,,,,,,,,,,0.23
LuepHu01,Hunter Luepke,DAL,rb,@ 10:11 PM EDT,23,3.7,,,,,,,,,,,,1.2,0.2,0.0,4.3,,1.0,0.1,5.7,,,,,,,,,,,,,,,,,,,,,0.7
YounDa02,Dareke Young,SEA,wr,@ 10:11 PM EDT,24,12.7,,,,,,,,,,,,,,,,,1.1,0.0,12.3,,,,,,,,,,,,,,,,,,,,,0.2
EzukEr00,Erik Ezukanma,MIA,wr,@ 10:11 PM EDT,23,12.0,,,,,,,,,,,,,,,,,1.2,0.0,11.7,,,,,,,,,,,,,,,,,,,,,0.21
IgweGo00,Godwin Igwebuike,PIT,rb,@ 10:11 PM EDT,29,3.7,,,,,,,,,,,,1.0,0.2,,4.7,,1.0,0.0,8.0,0.0,56.0,,,,,,,,,,,,,,,,,,,0.67
MillDa00,Davis Mills,HOU,qb,@ 10:11 PM EDT,25,7.0,,12.0,7.3,4.0,0.3,1.3,,76.7,6.4,,,1.3,0.1,,3.3,,,,,,,,,,,,,,,,,,,,,,,,,0.34
CrowJa00,Jamison Crowder,WAS,wr,@ 10:11 PM EDT,30,4.0,,,,,,,,,,,,,,,,,1.0,0.1,10.0,,,,,,,,,,,,,,,,,,,,,0.6
MorrQu00,Quintin Morris,BUF,te,@ 10:11 PM EDT,24,12.0,,,,,,,,,,,,,,,,,1.1,0.0,11.0,,,,,,,,,,,,,,,,,,,,,0.2
BawdNi00,Nick Bawden,NYJ,rb,@ 10:11 PM EDT,27,11.7,,,,,,,,,,,,2.2,0.3,0.0,6.7,,0.7,0.1,4.0,,,,,,,,,,,,,,,,,,,,,0.2
McKiTr00,Tre&apos; McKitty,LAC,te,@ 10:11 PM EDT,24,12.7,,,,,,,,,,,,,,,,,1.1,0.0,10.3,,,,,,,,,,,,,,,,,,,,,0.18
TinsMi00,Mitchell Tinsley,WAS,wr,@ 10:11 PM EDT,24,12.0,,,,,,,,,,,,,,,,,0.9,0.1,9.3,,,,,,,,,,,,,,,,,,,,,0.19
CookEl00,Elijah Cooks,JAX,wr,@ 10:11 PM EDT,25,12.0,,,,,,,,,,,,,,,,,0.9,0.1,9.3,,,,,,,,,,,,,,,,,,,,,0.19
McInKe00,Kenny McIntosh,SEA,rb,@ 10:11 PM EDT,23,12.3,,,,,,,,,,,,1.0,0.2,0.0,3.0,,0.9,0.0,6.3,,,,,,,,,,,,,,,,,,,,,0.18
FunkJa00,Jake Funk,MIA,rb,@ 10:11 PM EDT,25,3.7,,,,,,,,,,,,1.1,0.2,0.0,4.7,,0.8,0.0,4.7,,,,,,,,,,,,,,,,,,,,,0.57
AlleDa01,Davis Allen,LAR,te,@ 10:11 PM EDT,22,12.0,,,,,,,,,,,,,,,,,1.0,0.0,8.0,,,,,,,,,,,,,,,,,,,,,0.16
McKeSe00,Sean McKeon,DAL,te,@ 10:11 PM EDT,25,4.0,,,,,,,,,,,,,,,,,0.8,0.1,7.0,,,,,,,,,,,,,,,,,,,,,0.49
RodgAm00,Amari Rodgers,FA,wr,@ 10:11 PM EDT,24,4.0,,,,,,,,,,,,,,,,,0.8,0.0,9.3,,,,,,,,,,,,,,,,,,,,,0.49
HorsJe00,Jesper Horsted,LV,te,@ 10:11 PM EDT,26,12.0,,,,,,,,,,,,,,,,,0.8,0.1,7.0,,,,,,,,,,,,,,,,,,,,,0.16
KirkKe00,Keith Kirkwood,NO,wr,@ 10:11 PM EDT,28,4.0,,,,,,,,,,,,,,,,,0.8,0.0,9.3,,,,,,,,,,,,,,,,,,,,,0.47
HodgCu00,Curtis Hodges,WAS,te,@ 10:11 PM EDT,25,12.0,,,,,,,,,,,,,,,,,0.7,0.1,7.0,,,,,,,,,,,,,,,,,,,,,0.15
FitzDe00,Dez Fitzpatrick,PIT,wr,@ 10:11 PM EDT,25,4.0,,,,,,,,,,,,,,,,,0.7,0.0,9.3,,,,,,,,,,,,,,,,,,,,,0.46
OlszGu00,Gunner Olszewski,NYG,wr,@ 10:11 PM EDT,26,12.0,,,,,,,,,,,,,,,,,0.7,0.0,8.7,0.0,38.4,0.1,44.5,,,,,,,,,,,,,,,,,0.15
BowdLy00,Lynn Bowden Jr,NO,wr,@ 10:11 PM EDT,26,4.0,,,,,,,,,,,,,,,,,0.9,0.0,6.7,,,,,,,,,,,,,,,,,,,,,0.44
ClemCo00,Corey Clement,ARI,rb,@ 10:11 PM EDT,28,3.7,,,,,,,,,,,,3.2,0.6,0.1,13.3,,,,,,,,,,,,,,,,,,,,,,,,,0.47
HiggEl00,Elijah Higgins,MIA,wr,@ 10:11 PM EDT,23,12.0,,,,,,,,,,,,,,,,,0.8,0.0,7.7,,,,,,,,,,,,,,,,,,,,,0.14
SlatMa00,Matthew Slater,NE,wr,@ 10:11 PM EDT,38,4.0,,,,,,,,,,,,,,,,,0.8,0.0,7.7,,,,,,,,,,,,,,,,,,,,,0.43
DoweCo00,Colton Dowell,TEN,wr,@ 10:11 PM EDT,24,12.0,,,,,,,,,,,,,,,,,0.7,0.0,7.3,,,,,,,,,,,,,,,,,,,,,0.14
JackKe02,Kearis Jackson,TEN,wr,@ 10:11 PM EDT,23,11.3,,,,,,,,,,,,,,,,,0.7,0.0,7.3,,,,,,,,,,,,,,,,,,,,,0.14
MerrKi00,Kirk Merritt,FA,wr,@ 10:11 PM EDT,26,3.7,,,,,,,,,,,,,,,,,0.7,0.0,7.3,,,,,,,,,,,,,,,,,,,,,0.45
RussBr00,Brady Russell,PHI,te,@ 10:11 PM EDT,25,4.0,,,,,,,,,,,,,,,,,0.9,0.0,5.3,,,,,,,,,,,,,,,,,,,,,0.4
McKeTa00,Tanner McKee,PHI,qb,@ 10:11 PM EDT,23,5.7,,6.7,4.0,2.2,,0.7,,40.0,6.0,,,0.7,,,,,,,,,,,,,,,,,,,,,,,,,,,,0.28
HarrJa02,Jacob Harris,JAX,wr,@ 10:11 PM EDT,26,4.0,,,,,,,,,,,,,,,,,0.6,0.0,7.7,,,,,,,,,,,,,,,,,,,,,0.4
KeenCa00,Case Keenum,HOU,qb,@ 10:11 PM EDT,35,4.0,,2.8,1.8,1.0,0.1,,0.1,20.3,7.3,,,1.1,0.2,0.0,3.7,,,,,,,,,,,,,,,,,,,,,,,,,0.4
MitcZa00,Zaire Mitchell-Paden,CLE,te,@ 10:11 PM EDT,24,4.0,,,,,,,,,,,,,,,,,0.7,0.0,6.7,,,,,,,,,,,,,,,,,,,,,0.39
WillBr04,Brayden Willis,SF,te,@ 10:11 PM EDT,23,12.0,,,,,,,,,,,,,,,,,0.7,0.1,4.3,,,,,,,,,,,,,,,,,,,,,0.13
FehoSi00,Simi Fehoko,LAC,wr,@ 10:11 PM EDT,25,4.0,,,,,,,,,,,,,,,,,0.6,0.0,7.0,,,,,,,,,,,,,,,,,,,,,0.37
TaylTr02,Trent Taylor,CHI,wr,@ 10:11 PM EDT,29,12.0,,,,,,,,,,,,,,,,,0.5,0.1,5.3,,,0.1,106.0,,,,,,,,,,,,,,,,,0.12
WashMo00,Montrell Washington,KC,wr,@ 10:11 PM EDT,24,4.0,,,,,,,,,,,,,,,,,0.6,0.0,6.3,,,,,,,,,,,,,,,,,,,,,0.36
YeboKe00,Kenny Yeboah,NYJ,te,@ 10:11 PM EDT,25,12.0,,,,,,,,,,,,,,,,,0.6,0.0,6.3,,,,,,,,,,,,,,,,,,,,,0.12
HoyeBr00,Brian Hoyer,LV,qb,@ 10:11 PM EDT,38,4.0,,2.6,1.8,0.9,0.1,,0.1,19.3,7.5,,,0.9,0.1,0.0,2.3,,,,,,,,,,,,,,,,,,,,,,,,,0.36
WallTy00,Tylan Wallace,BAL,wr,@ 10:11 PM EDT,24,11.0,,,,,,,,,,,,,,,,,0.5,0.0,6.7,,,,,,,,,,,,,,,,,,,,,0.13
WellDa00,David Wells,TB,te,@ 10:11 PM EDT,28,12.7,,,,,,,,,,,,,,,,,0.6,0.0,6.0,,,,,,,,,,,,,,,,,,,,,0.11
LongHu00,Hunter Long,LAR,te,@ 10:11 PM EDT,25,12.0,,,,,,,,,,,,,,,,,0.7,,6.7,,,,,,,,,,,,,,,,,,,,,0.11
GrayDa01,Danny Gray,SF,wr,@ 10:11 PM EDT,24,12.0,,,,,,,,,,,,,,,,,0.5,0.0,6.0,,,,,,,,,,,,,,,,,,,,,0.11
SullSt00,Stephen Sullivan,CAR,te,@ 10:11 PM EDT,26,11.8,,,,,,,,,,,,,,,,,0.6,0.0,5.3,,,,,,,,,,,,,,,,,,,,,0.11
DaniDa02,Darrell Daniels,FA,te,@ 10:11 PM EDT,28,4.0,,,,,,,,,,,,,,,,,0.5,0.0,5.3,,,,,,,,,,,,,,,,,,,,,0.31
TramAu00,Austin Trammell,LAR,wr,@ 10:11 PM EDT,25,4.0,,,,,,,,,,,,,,,,,0.5,0.0,5.3,,,,,,,,,,,,,,,,,,,,,0.31
FitzJo00,John FitzPatrick,ATL,te,@ 10:11 PM EDT,23,12.0,,,,,,,,,,,,,,,,,0.5,0.0,5.0,,,,,,,,,,,,,,,,,,,,,0.1
KinsMa00,Mason Kinsey,TEN,wr,@ 10:11 PM EDT,25,4.0,,,,,,,,,,,,,,,,,0.5,0.0,5.0,,,0.0,18.1,,,,,,,,,,,,,,,,,0.29
AlleDe00,Devon Allen,PHI,wr,@ 10:11 PM EDT,28,4.0,,,,,,,,,,,,,,,,,0.5,0.0,4.7,,,,,,,,,,,,,,,,,,,,,0.28
CharIr00,Irvin Charles,NYJ,wr,@ 10:11 PM EDT,26,12.0,,,,,,,,,,,,,,,,,0.5,0.0,4.7,,,,,,,,,,,,,,,,,,,,,0.09
CoveBr00,Britain Covey,PHI,wr,@ 10:11 PM EDT,26,4.0,,,,,,,,,,,,,,,,,0.5,0.0,4.7,0.0,70.7,0.2,166.7,,,,,,,,,,,,,,,,,0.28
CunnMa00,Malik Cunningham,NE,qb,@ 10:11 PM EDT,25,1.9,,1.3,0.7,0.4,,,,10.0,7.5,,,1.3,0.3,,6.7,,,,,,,,,,,,,,,,,,,,,,,,,0.57
AlixJo00,Josh Ali,ATL,wr,@ 10:11 PM EDT,24,12.0,,,,,,,,,,,,,,,,,0.4,0.0,4.3,,,,,,,,,,,,,,,,,,,,,0.09
BoylTi00,Tim Boyle,NYJ,qb,@ 10:11 PM EDT,29,4.0,,2.2,1.5,0.8,0.1,,0.1,15.7,7.0,,,,,,,,,,,,,,,,,,,,,,,,,,,,,,,0.22
AlleBr00,Brandon Allen,SF,qb,@ 10:11 PM EDT,31,5.4,,,,,,,,,,,,,,,,,,,,,,,,,,,,,,,,,,,,,,,,0
BadiTy00,Tyler Badie,DEN,rb,@ 10:11 PM EDT,24,,,,,,,,,,,,,,,,,,,,,,,,,,,,,,,,,,,,,,,,,0
ChubNi00,Nick Chubb,CLE,rb,@ 10:11 PM EDT,27,0.3,,,,,,,,,,,,,,,,,,,,,,,,,,,,,,,,,,,,,,,,0
DaviTy01,Tyler Davis,GB,te,@ 10:11 PM EDT,26,8.0,,,,,,,,,,,,,,,,,,,,,,,,,,,,,,,,,,,,,,,,0
DaviZa00,Zach Davidson,BUF,te,@ 10:11 PM EDT,25,8.0,,,,,,,,,,,,,,,,,,,,,,,,,,,,,,,,,,,,,,,,0
DobbJ.00,J.K. Dobbins,BAL,rb,@ 10:11 PM EDT,24,0.3,,,,,,,,,,,,,,,,,,,,,,,,,,,,,,,,,,,,,,,,0
DorsPh00,Phillip Dorsett,DEN,wr,@ 10:11 PM EDT,30,8.0,,,,,,,,,,,,,,,,,,,,,,,,,,,,,,,,,,,,,,,,0
DrumDy00,Dylan Drummond,DET,wr,@ 10:11 PM EDT,23,,,,,,,,,,,,,,,,,,,,,,,,,,,,,,,,,,,,,,,,,0.22
EhliSa00,Sam Ehlinger,IND,qb,@ 10:11 PM EDT,25,4.0,,,,,,,,,,,,,,,,,,,,,,,,,,,,,,,,,,,,,,,,0
EvanDa02,Darrynton Evans,CHI,rb,@ 10:11 PM EDT,25,2.4,,,,,,,,,,,,,,,,,,,,,,,,,,,,,,,,,,,,,,,,0
GrahAl00,Alfonzo Graham,PIT,rb,@ 10:11 PM EDT,23,8.0,,,,,,,,,,,,,,,,,,,,,,,,,,,,,,,,,,,,,,,,0
GrieWi00,Will Grier,NE,qb,@ 10:11 PM EDT,28,4.0,,,,,,,,,,,,,,,,,,,,,,,,,,,,,,,,,,,,,,,,0
HaenJa00,Jake Haener,NO,qb,@ 10:11 PM EDT,24,3.3,,,,,,,,,,,,,,,,,,,,,,,,,,,,,,,,,,,,,,,,0
HairTr00,Troy Hairston,HOU,rb,@ 10:11 PM EDT,24,8.0,,,,,,,,,,,,,,,,,,,,,,,,,,,,,,,,,,,,,,,,0
HallHa00,Hassan Hall,CLE,rb,@ 10:11 PM EDT,23,8.7,,,,,,,,,,,,,,,,,,,,,,,,,,,,,,,,,,,,,,,,0
HallJa00,Jaren Hall,MIN,qb,@ 10:11 PM EDT,25,4.0,,,,,,,,,,,,,,,,,,,,,,,,,,,,,,,,,,,,,,,,0
HamlKJ00,KJ Hamler,IND,wr,@ 10:11 PM EDT,24,3.5,,,,,,,,,,,,,,,,,,,,,,,,,,,,,,,,,,,,,,,,0
HarrNK00,N&apos;Keal Harry,MIN,wr,@ 10:11 PM EDT,25,,,,,,,,,,,,,,,,,,,,,,,,,,,,,,,,,,,,,,,,,0.14
HartPe01,Penny Hart,FA,wr,@ 10:11 PM EDT,27,8.0,,,,,,,,,,,,,,,,,,,,,,,,,,,,,,,,,,,,,,,,0
HookHe00,Hendon Hooker,DET,qb,@ 10:11 PM EDT,25,1.4,,,,,,,,,,,,,,,,,,,,,,,,,,,,,,,,,,,,,,,,0
HullEv00,Evan Hull,IND,rb,@ 10:11 PM EDT,23,3.3,,,,,,,,,,,,,,,,,,,,,,,,,,,,,,,,,,,,,,,,0
JeffJe00,Jermar Jefferson,DET,rb,@ 10:11 PM EDT,23,8.0,,,,,,,,,,,,,,,,,,,,,,,,,,,,,,,,,,,,,,,,0
JohnDa09,David Johnson,FA,rb,@ 10:11 PM EDT,31,,,,,,,,,,,,,,,,,,,,,,,,,,,,,,,,,,,,,,,,,0
JohnJo05,Josh Johnson,BAL,qb,@ 10:11 PM EDT,37,5.0,,,,,,,,,,,,,,,,,,,,,,,,,,,,,,,,,,,,,,,,0
JoneRo01,Ronald Jones II,FA,rb,@ 10:11 PM EDT,26,3.7,,,,,,,,,,,,,,,,,,,,,,,,,,,,,,,,,,,,,,,,0
LassKw00,Kwamie Lassiter II,CIN,wr,@ 10:11 PM EDT,25,,,,,,,,,,,,,,,,,,,,,,,,,,,,,,,,,,,,,,,,,0.05
LatuCa00,Cameron Latu,SF,te,@ 10:11 PM EDT,23,7.5,,,,,,,,,,,,,,,,,,,,,,,,,,,,,,,,,,,,,,,,0
McCaAJ01,AJ McCarron,CIN,qb,@ 10:11 PM EDT,33,,,,,,,,,,,,,,,,,,,,,,,,,,,,,,,,,,,,,,,,,0
MyarCh00,Chris Myarick,NYG,te,@ 10:11 PM EDT,28,8.0,,,,,,,,,,,,,,,,,,,,,,,,,,,,,,,,,,,,,,,,0
PeriLa00,La&apos;Mical Perine,KC,rb,@ 10:11 PM EDT,25,1.7,,,,,,,,,,,,,,,,,,,,,,,,,,,,,,,,,,,,,,,,0
PeteNa00,Nathan Peterman,CHI,qb,@ 10:11 PM EDT,29,4.0,,,,,,,,,,,,,,,,,,,,,,,,,,,,,,,,,,,,,,,,0
PrinDe00,Deneric Prince,KC,rb,@ 10:11 PM EDT,23,1.7,,,,,,,,,,,,,,,,,,,,0.0,89.1,,,,,,,,,,,,,,,,,,,0
RadeKe00,Kevin Rader,TEN,te,@ 10:11 PM EDT,28,,,,,,,,,,,,,,,,,,,,,,,,,,,,,,,,,,,,,,,,,0.07
ReagJa00,Jalen Reagor,NE,wr,@ 10:11 PM EDT,24,5.5,,,,,,,,,,,,,,,,,,,,,,,,,,,,,,,,,,,,,,,,0
RodgAa00,Aaron Rodgers,NYJ,qb,@ 10:11 PM EDT,39,4.0,,,,,,,,,,,,,,,,,,,,,,,,,,,,,,,,,,,,,,,,0
RudoMa00,Mason Rudolph,PIT,qb,@ 10:11 PM EDT,28,5.0,,,,,,,,,,,,,,,,,,,,,,,,,,,,,,,,,,,,,,,,0
SimsBe00,Ben Sims,MIN,te,@ 10:11 PM EDT,23,12.0,,,,,,,,,,,,,,,,,,,,,,,,,,,,,,,,,,,,,,,,0
SinnRe00,Reid Sinnett,FA,qb,@ 10:11 PM EDT,26,4.0,,,,,,,,,,,,,,,,,,,,,,,,,,,,,,,,,,,,,,,,0
SneaWi01,Willie Snead IV,SF,wr,@ 10:11 PM EDT,31,,,,,,,,,,,,,,,,,,,,,,,,,,,,,,,,,,,,,,,,,0.19
SweeTo00,Tommy Sweeney,NYG,te,@ 10:11 PM EDT,28,8.0,,,,,,,,,,,,,,,,,,,,,,,,,,,,,,,,,,,,,,,,0
TaylLe00,Leonard Taylor,JAX,te,@ 10:11 PM EDT,24,8.0,,,,,,,,,,,,,,,,,,,,,,,,,,,,,,,,,,,,,,,,0
ThomSk00,Skylar Thompson,MIA,qb,@ 10:11 PM EDT,26,5.4,,,,,,,,,,,,,,,,,,,,,,,,,,,,,,,,,,,,,,,,0
TreaLa00,Laquon Treadwell,BAL,wr,@ 10:11 PM EDT,28,,,,,,,,,,,,,,,,,,,,,,,,,,,,,,,,,,,,,,,,,0.06
VirgJa00,Jalen Virgil,DEN,wr,@ 10:11 PM EDT,25,8.0,,,,,,,,,,,,,,,,,,,,,,,,,,,,,,,,,,,,,,,,0
WalkPh00,P.J. Walker,CLE,qb,@ 10:11 PM EDT,28,4.0,,,,,,,,,,,,,,,,,,,,,,,,,,,,,,,,,,,,,,,,0
WardJo00,Jonathan Ward,TEN,rb,@ 10:11 PM EDT,26,8.0,,,,,,,,,,,,,,,,,,,,,,,,,,,,,,,,,,,,,,,,0
WillAv00,Avery Williams,ATL,rb,@ 10:11 PM EDT,25,8.0,,,,,,,,,,,,,,,,,,,,,,,,,,,,,,,,,,,,,,,,0
WillMi06,Mike Williams,LAC,wr,@ 10:11 PM EDT,29,0.3,,,,,,,,,,,,,,,,,,,,,,,,,,,,,,,,,,,,,,,,0
WillRo06,Rodney Williams II,PIT,te,@ 10:11 PM EDT,25,,,,,,,,,,,,,,,,,,,,,,,,,,,,,,,,,,,,,,,,,0.07
WoodLo00,Logan Woodside,ATL,qb,@ 10:11 PM EDT,28,4.0,,,,,,,,,,,,,,,,,,,,,,,,,,,,,,,,,,,,,,,,0
WoodMi00,Michael Woods II,CLE,wr,@ 10:11 PM EDT,23,8.7,,,,,,,,,,,,,,,,,,,,,,,,,,,,,,,,,,,,,,,,0
